kode,nama,country_code,province_code
11.01,Kabupaten Aceh Selatan,ID,11
11.02,Kabupaten Aceh Tenggara,ID,11
11.03,Kabupaten Aceh Timur,ID,11
11.04,Kabupaten Aceh Tengah,ID,11
11.05,Kabupaten Aceh Barat,ID,11
11.06,Kabupaten Aceh Besar,ID,11
11.07,Kabupaten Pidie,ID,11
11.08,Kabupaten Aceh Utara,ID,11
11.09,Kabupaten Simeulue,ID,11
11.11,Kabupaten Bireuen,ID,11
11.12,Kabupaten Aceh Barat Daya,ID,11
11.13,Kabupaten Gayo Lues,ID,11
11.14,Kabupaten Aceh Jaya,ID,11
11.15,Kabupaten Nagan Raya,ID,11
11.16,Kabupaten Aceh Tamiang,ID,11
11.17,Kabupaten Bener Meriah,ID,11
11.18,Kabupaten Pidie Jaya,ID,11
11.71,Kota Banda Aceh,ID,11
11.72,Kota Sabang,ID,11
11.73,Kota Lhokseumawe,ID,11
11.74,Kota Langsa,ID,11
11.75,Kota Subulussalam,ID,11
12.01,Kabupaten Tapanuli Tengah,ID,12
12.02,Kabupaten Tapanuli Utara,ID,12
12.03,Kabupaten Tapanuli Selatan,ID,12
12.04,Kabupaten Nias,ID,12
12.05,Kabupaten Langkat,ID,12
12.06,Kabupaten Karo,ID,12
12.07,Kabupaten Deli Serdang,ID,12
12.08,Kabupaten Simalungun,ID,12
12.09,Kabupaten Asahan,ID,12
12.11,Kabupaten Dairi,ID,12
12.12,Kabupaten Toba,ID,12
12.13,Kabupaten Mandailing Natal,ID,12
12.14,Kabupaten Nias Selatan,ID,12
12.15,Kabupaten Pakpak Bharat,ID,12
12.16,Kabupaten Humbang Hasundutan,ID,12
12.17,Kabupaten Samosir,ID,12
12.18,Kabupaten Serdang Bedagai,ID,12
12.19,Kabupaten Batu Bara,ID,12
12.21,Kabupaten Padang Lawas,ID,12
12.22,Kabupaten Labuhanbatu Selatan,ID,12
12.23,Kabupaten Labuhanbatu Utara,ID,12
12.24,Kabupaten Nias Utara,ID,12
12.25,Kabupaten Nias Barat,ID,12
12.71,Kota Medan,ID,12
12.72,Kota Pematangsiantar,ID,12
12.73,Kota Sibolga,ID,12
12.74,Kota Tanjungbalai,ID,12
12.75,Kota Binjai,ID,12
12.76,Kota Tebing Tinggi,ID,12
12.77,Kota Padangsidimpuan,ID,12
12.78,Kota Gunungsitoli,ID,12
13.01,Kabupaten Pesisir Selatan,ID,13
13.02,Kabupaten Solok,ID,13
13.03,Kabupaten Sijunjung,ID,13
13.04,Kabupaten Tanah Datar,ID,13
13.05,Kabupaten Padang Pariaman,ID,13
13.06,Kabupaten Agam,ID,13
13.07,Kabupaten Lima Puluh Kota,ID,13
13.08,Kabupaten Pasaman,ID,13
13.09,Kabupaten Kepulauan Mentawai,ID,13
13.11,Kabupaten Solok Selatan,ID,13
13.12,Kabupaten Pasaman Barat,ID,13
13.71,Kota Padang,ID,13
13.72,Kota Solok,ID,13
13.73,Kota Sawahlunto,ID,13
13.74,Kota Padang Panjang,ID,13
13.75,Kota Bukittinggi,ID,13
13.76,Kota Payakumbuh,ID,13
13.77,Kota Pariaman,ID,13
14.01,Kabupaten Kampar,ID,14
14.02,Kabupaten Indragiri Hulu,ID,14
14.03,Kabupaten Bengkalis,ID,14
14.04,Kabupaten Indragiri Hilir,ID,14
14.05,Kabupaten Pelalawan,ID,14
14.06,Kabupaten Rokan Hulu,ID,14
14.07,Kabupaten Rokan Hilir,ID,14
14.08,Kabupaten Siak,ID,14
14.09,Kabupaten Kuantan Singingi,ID,14
14.71,Kota Pekanbaru,ID,14
14.72,Kota Dumai,ID,14
15.01,Kabupaten Kerinci,ID,15
15.02,Kabupaten Merangin,ID,15
15.03,Kabupaten Sarolangun,ID,15
15.04,Kabupaten Batanghari,ID,15
15.05,Kabupaten Muaro Jambi,ID,15
15.06,Kabupaten Tanjung Jabung Barat,ID,15
15.07,Kabupaten Tanjung Jabung Timur,ID,15
15.08,Kabupaten Bungo,ID,15
15.09,Kabupaten Tebo,ID,15
15.71,Kota Jambi,ID,15
15.72,Kota Sungai Penuh,ID,15
16.01,Kabupaten Ogan Komering Ulu,ID,16
16.02,Kabupaten Ogan Komering Ilir,ID,16
16.03,Kabupaten Muara Enim,ID,16
16.04,Kabupaten Lahat,ID,16
16.05,Kabupaten Musi Rawas,ID,16
16.06,Kabupaten Musi Banyuasin,ID,16
16.07,Kabupaten Banyuasin,ID,16
16.08,Kabupaten Ogan Komering Ulu Timur,ID,16
16.09,Kabupaten Ogan Komering Ulu Selatan,ID,16
16.11,Kabupaten Empat Lawang,ID,16
16.12,Kabupaten Penukal Abab Lematang Ilir,ID,16
16.13,Kabupaten Musi Rawas Utara,ID,16
16.71,Kota Palembang,ID,16
16.72,Kota Pagar Alam,ID,16
16.73,Kota Lubuk Linggau,ID,16
16.74,Kota Prabumulih,ID,16
17.01,Kabupaten Bengkulu Selatan,ID,17
17.02,Kabupaten Rejang Lebong,ID,17
17.03,Kabupaten Bengkulu Utara,ID,17
17.04,Kabupaten Kaur,ID,17
17.05,Kabupaten Seluma,ID,17
17.06,Kabupaten Mukomuko,ID,17
17.07,Kabupaten Lebong,ID,17
17.08,Kabupaten Kepahiang,ID,17
17.09,Kabupaten Bengkulu Tengah,ID,17
17.71,Kota Bengkulu,ID,17
18.01,Kabupaten Lampung Selatan,ID,18
18.02,Kabupaten Lampung Tengah,ID,18
18.03,Kabupaten Lampung Utara,ID,18
18.04,Kabupaten Lampung Barat,ID,18
18.05,Kabupaten Tulang Bawang,ID,18
18.06,Kabupaten Tanggamus,ID,18
18.07,Kabupaten Lampung Timur,ID,18
18.08,Kabupaten Way Kanan,ID,18
18.09,Kabupaten Pesawaran,ID,18
18.11,Kabupaten Mesuji,ID,18
18.12,Kabupaten Tulang Bawang Barat,ID,18
18.13,Kabupaten Pesisir Barat,ID,18
18.71,Kota Bandar Lampung,ID,18
18.72,Kota Metro,ID,18
19.01,Kabupaten Bangka,ID,19
19.02,Kabupaten Belitung,ID,19
19.03,Kabupaten Bangka Selatan,ID,19
19.04,Kabupaten Bangka Tengah,ID,19
19.05,Kabupaten Bangka Barat,ID,19
19.06,Kabupaten Belitung Timur,ID,19
19.71,Kota Pangkal Pinang,ID,19
21.01,Kabupaten Bintan,ID,21
21.02,Kabupaten Karimun,ID,21
21.03,Kabupaten Natuna,ID,21
21.04,Kabupaten Lingga,ID,21
21.05,Kabupaten Kepulauan Anambas,ID,21
21.71,Kota Batam,ID,21
21.72,Kota Tanjung Pinang,ID,21
31.01,Kabupaten Administrasi Kepulauan Seribu,ID,31
31.71,Kota Administrasi Jakarta Pusat,ID,31
31.72,Kota Administrasi Jakarta Utara,ID,31
31.73,Kota Administrasi Jakarta Barat,ID,31
31.74,Kota Administrasi Jakarta Selatan,ID,31
31.75,Kota Administrasi Jakarta Timur,ID,31
32.01,Kabupaten Bogor,ID,32
32.02,Kabupaten Sukabumi,ID,32
32.03,Kabupaten Cianjur,ID,32
32.04,Kabupaten Bandung,ID,32
32.05,Kabupaten Garut,ID,32
32.06,Kabupaten Tasikmalaya,ID,32
32.07,Kabupaten Ciamis,ID,32
32.08,Kabupaten Kuningan,ID,32
32.09,Kabupaten Cirebon,ID,32
32.11,Kabupaten Sumedang,ID,32
32.12,Kabupaten Indramayu,ID,32
32.13,Kabupaten Subang,ID,32
32.14,Kabupaten Purwakarta,ID,32
32.15,Kabupaten Karawang,ID,32
32.16,Kabupaten Bekasi,ID,32
32.17,Kabupaten Bandung Barat,ID,32
32.18,Kabupaten Pangandaran,ID,32
32.71,Kota Bogor,ID,32
32.72,Kota Sukabumi,ID,32
32.73,Kota Bandung,ID,32
32.74,Kota Cirebon,ID,32
32.75,Kota Bekasi,ID,32
32.76,Kota Depok,ID,32
32.77,Kota Cimahi,ID,32
32.78,Kota Tasikmalaya,ID,32
32.79,Kota Banjar,ID,32
33.01,Kabupaten Cilacap,ID,33
33.02,Kabupaten Banyumas,ID,33
33.03,Kabupaten Purbalingga,ID,33
33.04,Kabupaten Banjarnegara,ID,33
33.05,Kabupaten Kebumen,ID,33
33.06,Kabupaten Purworejo,ID,33
33.07,Kabupaten Wonosobo,ID,33
33.08,Kabupaten Magelang,ID,33
33.09,Kabupaten Boyolali,ID,33
33.11,Kabupaten Sukoharjo,ID,33
33.12,Kabupaten Wonogiri,ID,33
33.13,Kabupaten Karanganyar,ID,33
33.14,Kabupaten Sragen,ID,33
33.15,Kabupaten Grobogan,ID,33
33.16,Kabupaten Blora,ID,33
33.17,Kabupaten Rembang,ID,33
33.18,Kabupaten Pati,ID,33
33.19,Kabupaten Kudus,ID,33
33.21,Kabupaten Demak,ID,33
33.22,Kabupaten Semarang,ID,33
33.23,Kabupaten Temanggung,ID,33
33.24,Kabupaten Kendal,ID,33
33.25,Kabupaten Batang,ID,33
33.26,Kabupaten Pekalongan,ID,33
33.27,Kabupaten Pemalang,ID,33
33.28,Kabupaten Tegal,ID,33
33.29,Kabupaten Brebes,ID,33
33.71,Kota Magelang,ID,33
33.72,Kota Surakarta,ID,33
33.73,Kota Salatiga,ID,33
33.74,Kota Semarang,ID,33
33.75,Kota Pekalongan,ID,33
33.76,Kota Tegal,ID,33
34.01,Kabupaten Kulon Progo,ID,34
34.02,Kabupaten Bantul,ID,34
34.03,Kabupaten Gunungkidul,ID,34
34.04,Kabupaten Sleman,ID,34
34.71,Kota Yogyakarta,ID,34
35.01,Kabupaten Pacitan,ID,35
35.02,Kabupaten Ponorogo,ID,35
35.03,Kabupaten Trenggalek,ID,35
35.04,Kabupaten Tulungagung,ID,35
35.05,Kabupaten Blitar,ID,35
35.06,Kabupaten Kediri,ID,35
35.07,Kabupaten Malang,ID,35
35.08,Kabupaten Lumajang,ID,35
35.09,Kabupaten Jember,ID,35
35.11,Kabupaten Bondowoso,ID,35
35.12,Kabupaten Situbondo,ID,35
35.13,Kabupaten Probolinggo,ID,35
35.14,Kabupaten Pasuruan,ID,35
35.15,Kabupaten Sidoarjo,ID,35
35.16,Kabupaten Mojokerto,ID,35
35.17,Kabupaten Jombang,ID,35
35.18,Kabupaten Nganjuk,ID,35
35.19,Kabupaten Madiun,ID,35
35.21,Kabupaten Ngawi,ID,35
35.22,Kabupaten Bojonegoro,ID,35
35.23,Kabupaten Tuban,ID,35
35.24,Kabupaten Lamongan,ID,35
35.25,Kabupaten Gresik,ID,35
35.26,Kabupaten Bangkalan,ID,35
35.27,Kabupaten Sampang,ID,35
35.28,Kabupaten Pamekasan,ID,35
35.29,Kabupaten Sumenep,ID,35
35.71,Kota Kediri,ID,35
35.72,Kota Blitar,ID,35
35.73,Kota Malang,ID,35
35.74,Kota Probolinggo,ID,35
35.75,Kota Pasuruan,ID,35
35.76,Kota Mojokerto,ID,35
35.77,Kota Madiun,ID,35
35.78,Kota Surabaya,ID,35
35.79,Kota Batu,ID,35
36.01,Kabupaten Pandeglang,ID,36
36.02,Kabupaten Lebak,ID,36
36.03,Kabupaten Tangerang,ID,36
36.04,Kabupaten Serang,ID,36
36.71,Kota Tangerang,ID,36
36.72,Kota Cilegon,ID,36
36.73,Kota Serang,ID,36
36.74,Kota Tangerang Selatan,ID,36
51.01,Kabupaten Jembrana,ID,51
51.02,Kabupaten Tabanan,ID,51
51.03,Kabupaten Badung,ID,51
51.04,Kabupaten Gianyar,ID,51
51.05,Kabupaten Klungkung,ID,51
51.06,Kabupaten Bangli,ID,51
51.07,Kabupaten Karangasem,ID,51
51.08,Kabupaten Buleleng,ID,51
51.71,Kota Denpasar,ID,51
52.01,Kabupaten Lombok Barat,ID,52
52.02,Kabupaten Lombok Tengah,ID,52
52.03,Kabupaten Lombok Timur,ID,52
52.04,Kabupaten Sumbawa,ID,52
52.05,Kabupaten Dompu,ID,52
52.06,Kabupaten Bima,ID,52
52.07,Kabupaten Sumbawa Barat,ID,52
52.08,Kabupaten Lombok Utara,ID,52
52.71,Kota Mataram,ID,52
52.72,Kota Bima,ID,52
53.01,Kabupaten Kupang,ID,53
53.02,Kab Timor Tengah Selatan,ID,53
53.03,Kabupaten Timor Tengah Utara,ID,53
53.04,Kabupaten Belu,ID,53
53.05,Kabupaten Alor,ID,53
53.06,Kabupaten Flores Timur,ID,53
53.07,Kabupaten Sikka,ID,53
53.08,Kabupaten Ende,ID,53
53.09,Kabupaten Ngada,ID,53
53.11,Kabupaten Sumba Timur,ID,53
53.12,Kabupaten Sumba Barat,ID,53
53.13,Kabupaten Lembata,ID,53
53.14,Kabupaten Rote Ndao,ID,53
53.15,Kabupaten Manggarai Barat,ID,53
53.16,Kabupaten Nagekeo,ID,53
53.17,Kabupaten Sumba Tengah,ID,53
53.18,Kabupaten Sumba Barat Daya,ID,53
53.19,Kabupaten Manggarai Timur,ID,53
53.21,Kabupaten Malaka,ID,53
53.71,Kota Kupang,ID,53
61.01,Kabupaten Sambas,ID,61
61.02,Kabupaten Mempawah,ID,61
61.03,Kabupaten Sanggau,ID,61
61.04,Kabupaten Ketapang,ID,61
61.05,Kabupaten Sintang,ID,61
61.06,Kabupaten Kapuas Hulu,ID,61
61.07,Kabupaten Bengkayang,ID,61
61.08,Kabupaten Landak,ID,61
61.09,Kabupaten Sekadau,ID,61
61.11,Kabupaten Kayong Utara,ID,61
61.12,Kabupaten Kubu Raya,ID,61
61.71,Kota Pontianak,ID,61
61.72,Kota Singkawang,ID,61
62.01,Kabupaten Kotawaringin Barat,ID,62
62.02,Kabupaten Kotawaringin Timur,ID,62
62.03,Kabupaten Kapuas,ID,62
62.04,Kabupaten Barito Selatan,ID,62
62.05,Kabupaten Barito Utara,ID,62
62.06,Kabupaten Katingan,ID,62
62.07,Kabupaten Seruyan,ID,62
62.08,Kabupaten Sukamara,ID,62
62.09,Kabupaten Lamandau,ID,62
62.11,Kabupaten Pulang Pisau,ID,62
62.12,Kabupaten Murung Raya,ID,62
62.13,Kabupaten Barito Timur,ID,62
62.71,Kota Palangkaraya,ID,62
63.01,Kabupaten Tanah Laut,ID,63
63.02,Kabupaten Kotabaru,ID,63
63.03,Kabupaten Banjar,ID,63
63.04,Kabupaten Barito Kuala,ID,63
63.05,Kabupaten Tapin,ID,63
63.06,Kabupaten Hulu Sungai Selatan,ID,63
63.07,Kabupaten Hulu Sungai Tengah,ID,63
63.08,Kabupaten Hulu Sungai Utara,ID,63
63.09,Kabupaten Tabalong,ID,63
63.11,Kabupaten Balangan,ID,63
63.71,Kota Banjarmasin,ID,63
63.72,Kota Banjarbaru,ID,63
64.01,Kabupaten Paser,ID,64
64.02,Kabupaten Kutai Kartanegara,ID,64
64.03,Kabupaten Berau,ID,64
64.07,Kabupaten Kutai Barat,ID,64
64.08,Kabupaten Kutai Timur,ID,64
64.09,Kabupaten Penajam Paser Utara,ID,64
64.11,Kabupaten Mahakam Ulu,ID,64
64.71,Kota Balikpapan,ID,64
64.72,Kota Samarinda,ID,64
64.74,Kota Bontang,ID,64
65.01,Kabupaten Bulungan,ID,65
65.02,Kabupaten Malinau,ID,65
65.03,Kabupaten Nunukan,ID,65
65.04,Kabupaten Tana Tidung,ID,65
65.71,Kota Tarakan,ID,65
71.01,Kabupaten Bolaang Mongondow,ID,71
71.02,Kabupaten Minahasa,ID,71
71.03,Kabupaten Kepulauan Sangihe,ID,71
71.04,Kabupaten Kepulauan Talaud,ID,71
71.05,Kabupaten Minahasa Selatan,ID,71
71.06,Kabupaten Minahasa Utara,ID,71
71.07,Kabupaten Minahasa Tenggara,ID,71
71.08,Kabupaten Bolaang Mongondow Utara,ID,71
71.09,Kabupaten Kep. Siau Tagulandang Biaro,ID,71
71.11,Kabupaten Bolaang Mongondow Selatan,ID,71
71.71,Kota Manado,ID,71
71.72,Kota Bitung,ID,71
71.73,Kota Tomohon,ID,71
71.74,Kota Kotamobagu,ID,71
72.01,Kabupaten Banggai,ID,72
72.02,Kabupaten Poso,ID,72
72.03,Kabupaten Donggala,ID,72
72.04,Kabupaten Toli-Toli,ID,72
72.05,Kabupaten Buol,ID,72
72.06,Kabupaten Morowali,ID,72
72.07,Kabupaten Banggai Kepulauan,ID,72
72.08,Kabupaten Parigi Moutong,ID,72
72.09,Kabupaten Tojo Una Una,ID,72
72.11,Kabupaten Banggai Laut,ID,72
72.12,Kabupaten Morowali Utara,ID,72
72.71,Kota Palu,ID,72
73.01,Kabupaten Kepulauan Selayar,ID,73
73.02,Kabupaten Bulukumba,ID,73
73.03,Kabupaten Bantaeng,ID,73
73.04,Kabupaten Jeneponto,ID,73
73.05,Kabupaten Takalar,ID,73
73.06,Kabupaten Gowa,ID,73
73.07,Kabupaten Sinjai,ID,73
73.08,Kabupaten Bone,ID,73
73.09,Kabupaten Maros,ID,73
73.11,Kabupaten Barru,ID,73
73.12,Kabupaten Soppeng,ID,73
73.13,Kabupaten Wajo,ID,73
73.14,Kabupaten Sidenreng Rappang,ID,73
73.15,Kabupaten Pinrang,ID,73
73.16,Kabupaten Enrekang,ID,73
73.17,Kabupaten Luwu,ID,73
73.18,Kabupaten Tana Toraja,ID,73
73.22,Kabupaten Luwu Utara,ID,73
73.24,Kabupaten Luwu Timur,ID,73
73.26,Kabupaten Toraja Utara,ID,73
73.71,Kota Makassar,ID,73
73.72,Kota Parepare,ID,73
73.73,Kota Palopo,ID,73
74.01,Kabupaten Kolaka,ID,74
74.02,Kabupaten Konawe,ID,74
74.03,Kabupaten Muna,ID,74
74.04,Kabupaten Buton,ID,74
74.05,Kabupaten Konawe Selatan,ID,74
74.06,Kabupaten Bombana,ID,74
74.07,Kabupaten Wakatobi,ID,74
74.08,Kabupaten Kolaka Utara,ID,74
74.09,Kabupaten Konawe Utara,ID,74
74.11,Kabupaten Kolaka Timur,ID,74
74.12,Kabupaten Konawe Kepulauan,ID,74
74.13,Kabupaten Muna Barat,ID,74
74.14,Kabupaten Buton Tengah,ID,74
74.15,Kabupaten Buton Selatan,ID,74
74.71,Kota Kendari,ID,74
74.72,Kota Bau Bau,ID,74
75.01,Kabupaten Gorontalo,ID,75
75.02,Kabupaten Boalemo,ID,75
75.03,Kabupaten Bone Bolango,ID,75
75.04,Kabupaten Pohuwato,ID,75
75.05,Kabupaten Gorontalo Utara,ID,75
75.71,Kota Gorontalo,ID,75
76.01,Kabupaten Pasangkayu,ID,76
76.02,Kabupaten Mamuju,ID,76
76.03,Kabupaten Mamasa,ID,76
76.04,Kabupaten Polewali Mandar,ID,76
76.05,Kabupaten Majene,ID,76
76.06,Kabupaten Mamuju Tengah,ID,76
81.01,Kabupaten Maluku Tengah,ID,81
81.02,Kabupaten Maluku Tenggara,ID,81
81.03,Kabupaten Kepulauan Tanimbar,ID,81
81.04,Kabupaten Buru,ID,81
81.05,Kabupaten Seram Bagian Timur,ID,81
81.06,Kabupaten Seram Bagian Barat,ID,81
81.07,Kabupaten Kepulauan Aru,ID,81
81.08,Kabupaten Maluku Barat Daya,ID,81
81.09,Kabupaten Buru Selatan,ID,81
81.71,Kota Ambon,ID,81
81.72,Kota Tual,ID,81
82.01,Kabupaten Halmahera Barat,ID,82
82.02,Kabupaten Halmahera Tengah,ID,82
82.03,Kabupaten Halmahera Utara,ID,82
82.04,Kabupaten Halmahera Selatan,ID,82
82.05,Kabupaten Kepulauan Sula,ID,82
82.06,Kabupaten Halmahera Timur,ID,82
82.07,Kabupaten Pulau Morotai,ID,82
82.08,Kabupaten Pulau Taliabu,ID,82
82.71,Kota Ternate,ID,82
82.72,Kota Tidore Kepulauan,ID,82
91.03,Kabupaten Jayapura,ID,91
91.05,Kabupaten Kepulauan Yapen,ID,91
91.06,Kabupaten Biak Numfor,ID,91
91.11,Kabupaten Keerom,ID,91
91.15,Kabupaten Waropen,ID,91
91.19,Kabupaten Supiori,ID,91
91.71,Kota Jayapura,ID,91
92.02,Kabupaten Manokwari,ID,92
92.03,Kabupaten Fak Fak,ID,92
92.06,Kabupaten Teluk Bintuni,ID,92
92.07,Kabupaten Teluk Wondama,ID,92
92.08,Kabupaten Kaimana,ID,92
92.11,Kabupaten Manokwari Selatan,ID,92
92.12,Kabupaten Pegunungan Arfak,ID,92
93.01,Kabupaten Merauke,ID,93
93.02,Kabupaten Boven Digoel,ID,93
93.03,Kabupaten Mappi,ID,93
93.04,Kabupaten Asmat,ID,93
94.01,Kabupaten Nabire,ID,94
94.02,Kabupaten Puncak Jaya,ID,94
94.03,Kabupaten Paniai,ID,94
94.04,Kabupaten Mimika,ID,94
94.05,Kabupaten Puncak,ID,94
94.06,Kabupaten Dogiyai,ID,94
94.07,Kabupaten Intan Jaya,ID,94
94.08,Kabupaten Deiyai,ID,94
95.01,Kabupaten Jayawijaya,ID,95
95.02,Kab Pegunungan Bintang,ID,95
95.03,Kabupaten Yahukimo,ID,95
95.04,Kabupaten Tolikara,ID,95
95.05,Kabupaten Mamberamo Tengah,ID,95
95.06,Kabupaten Yalimo,ID,95
95.07,Kabupaten Lanny Jaya,ID,95
95.08,Kabupaten Nduga,ID,95
96.01,Kabupaten Sorong,ID,96
96.02,Kabupaten Sorong Selatan,ID,96
96.03,Kabupaten Raja Ampat,ID,96
96.04,Kabupaten Tambrauw,ID,96
96.05,Kabupaten Maybrat,ID,96
96.71,Kota Sorong,ID,96
INT.001,New York,USA,INT
INT.002,Los Angeles,USA,INT
INT.003,Chicago,USA,INT
INT.004,Houston,USA,INT
INT.005,Phoenix,USA,INT
INT.006,Philadelphia,USA,INT
INT.007,San Antonio,USA,INT
INT.008,San Diego,USA,INT
INT.009,Dallas,USA,INT
INT.010,San Jose,USA,INT
INT.011,Austin,USA,INT
INT.012,Jacksonville,USA,INT
INT.013,Fort Worth,USA,INT
INT.014,Columbus,USA,INT
INT.015,Charlotte,USA,INT
INT.016,San Francisco,USA,INT
INT.017,Indianapolis,USA,INT
INT.018,Seattle,USA,INT
INT.019,Denver,USA,INT
INT.020,Washington,USA,INT
INT.021,Boston,USA,INT
INT.022,El Paso,USA,INT
INT.023,Nashville,USA,INT
INT.024,Detroit,USA,INT
INT.025,Oklahoma City,USA,INT
INT.026,Portland,USA,INT
INT.027,Las Vegas,USA,INT
INT.028,Memphis,USA,INT
INT.029,Louisville,USA,INT
INT.030,Baltimore,USA,INT
INT.031,Milwaukee,USA,INT
INT.032,Albuquerque,USA,INT
INT.033,Tucson,USA,INT
INT.034,Fresno,USA,INT
INT.035,Sacramento,USA,INT
INT.036,Atlanta,USA,INT
INT.037,Kansas City,USA,INT
INT.038,Long Beach,USA,INT
INT.039,Colorado Springs,USA,INT
INT.040,Raleigh,USA,INT
INT.041,Miami,USA,INT
INT.042,Virginia Beach,USA,INT
INT.043,Omaha,USA,INT
INT.044,Oakland,USA,INT
INT.045,Minneapolis,USA,INT
INT.046,Tulsa,USA,INT
INT.047,Arlington,USA,INT
INT.048,Tampa,USA,INT
INT.049,New Orleans,USA,INT
INT.050,Wichita,USA,INT
INT.051,Cleveland,USA,INT
INT.052,Bakersfield,USA,INT
INT.053,Aurora,USA,INT
INT.054,Anaheim,USA,INT
INT.055,Honolulu,USA,INT
INT.056,Santa Ana,USA,INT
INT.057,Corpus Christi,USA,INT
INT.058,Riverside,USA,INT
INT.059,Lexington,USA,INT
INT.060,Stockton,USA,INT
INT.061,Henderson,USA,INT
INT.062,Saint Paul,USA,INT
INT.063,St. Louis,USA,INT
INT.064,Cincinnati,USA,INT
INT.065,Pittsburgh,USA,INT
INT.066,Anchorage,USA,INT
INT.067,Greensboro,USA,INT
INT.068,Plano,USA,INT
INT.069,Newark,USA,INT
INT.070,Lincoln,USA,INT
INT.071,Orlando,USA,INT
INT.072,Irvine,USA,INT
INT.073,Durham,USA,INT
INT.074,Buffalo,USA,INT
INT.075,Chandler,USA,INT
INT.076,Chula Vista,USA,INT
INT.077,Laredo,USA,INT
INT.078,Gilbert,USA,INT
INT.079,Reno,USA,INT
INT.080,Hialeah,USA,INT
INT.081,Garland,USA,INT
INT.082,Scottsdale,USA,INT
INT.083,Irving,USA,INT
INT.084,Fremont,USA,INT
INT.085,San Bernardino,USA,INT
INT.086,Boise,USA,INT
INT.087,Spokane,USA,INT
INT.088,Birmingham,USA,INT
INT.089,Rochester,USA,INT
INT.090,Modesto,USA,INT
INT.091,Fayetteville,USA,INT
INT.092,Des Moines,USA,INT
INT.093,Tacoma,USA,INT
INT.094,Richmond,USA,INT
INT.095,Yonkers,USA,INT
INT.096,Shreveport,USA,INT
INT.097,Akron,USA,INT
INT.098,Huntsville,USA,INT
INT.099,Grand Rapids,USA,INT
INT.100,Knoxville,USA,INT
EUR.001,London,EUR,EUR
EUR.002,Paris,EUR,EUR
EUR.003,Berlin,EUR,EUR
EUR.004,Madrid,EUR,EUR
EUR.005,Rome,EUR,EUR
EUR.006,Barcelona,EUR,EUR
EUR.007,Munich,EUR,EUR
EUR.008,Milan,EUR,EUR
EUR.009,Amsterdam,EUR,EUR
EUR.010,Brussels,EUR,EUR
EUR.011,Vienna,EUR,EUR
EUR.012,Prague,EUR,EUR
EUR.013,Budapest,EUR,EUR
EUR.014,Warsaw,EUR,EUR
EUR.015,Stockholm,EUR,EUR
EUR.016,Oslo,EUR,EUR
EUR.017,Copenhagen,EUR,EUR
EUR.018,Helsinki,EUR,EUR
EUR.019,Dublin,EUR,EUR
EUR.020,Edinburgh,EUR,EUR
EUR.021,Glasgow,EUR,EUR
EUR.022,Manchester,EUR,EUR
EUR.023,Liverpool,EUR,EUR
EUR.024,Birmingham,EUR,EUR
EUR.025,Leeds,EUR,EUR
EUR.026,Sheffield,EUR,EUR
EUR.027,Bradford,EUR,EUR
EUR.028,Cardiff,EUR,EUR
EUR.029,Belfast,EUR,EUR
EUR.030,Newcastle,EUR,EUR
EUR.031,Lyon,EUR,EUR
EUR.032,Marseille,EUR,EUR
EUR.033,Toulouse,EUR,EUR
EUR.034,Nice,EUR,EUR
EUR.035,Nantes,EUR,EUR
EUR.036,Strasbourg,EUR,EUR
EUR.037,Montpellier,EUR,EUR
EUR.038,Bordeaux,EUR,EUR
EUR.039,Lille,EUR,EUR
EUR.040,Rennes,EUR,EUR
EUR.041,Hamburg,EUR,EUR
EUR.042,Cologne,EUR,EUR
EUR.043,Frankfurt,EUR,EUR
EUR.044,Stuttgart,EUR,EUR
EUR.045,Düsseldorf,EUR,EUR
EUR.046,Dortmund,EUR,EUR
EUR.047,Essen,EUR,EUR
EUR.048,Leipzig,EUR,EUR
EUR.049,Bremen,EUR,EUR
EUR.050,Dresden,EUR,EUR
EUR.051,Hanover,EUR,EUR
EUR.052,Nuremberg,EUR,EUR
EUR.053,Duisburg,EUR,EUR
EUR.054,Bochum,EUR,EUR
EUR.055,Wuppertal,EUR,EUR
EUR.056,Bielefeld,EUR,EUR
EUR.057,Bonn,EUR,EUR
EUR.058,Münster,EUR,EUR
EUR.059,Karlsruhe,EUR,EUR
EUR.060,Mannheim,EUR,EUR
EUR.061,Augsburg,EUR,EUR
EUR.062,Wiesbaden,EUR,EUR
EUR.063,Gelsenkirchen,EUR,EUR
EUR.064,Mönchengladbach,EUR,EUR
EUR.065,Braunschweig,EUR,EUR
EUR.066,Chemnitz,EUR,EUR
EUR.067,Kiel,EUR,EUR
EUR.068,Aachen,EUR,EUR
EUR.069,Halle,EUR,EUR
EUR.070,Magdeburg,EUR,EUR
EUR.071,Freiburg,EUR,EUR
EUR.072,Krefeld,EUR,EUR
EUR.073,Lübeck,EUR,EUR
EUR.074,Oberhausen,EUR,EUR
EUR.075,Erfurt,EUR,EUR
EUR.076,Mainz,EUR,EUR
EUR.077,Rostock,EUR,EUR
EUR.078,Kassel,EUR,EUR
EUR.079,Hagen,EUR,EUR
EUR.080,Potsdam,EUR,EUR
EUR.081,Saarbrücken,EUR,EUR
EUR.082,Hamm,EUR,EUR
EUR.083,Mülheim,EUR,EUR
EUR.084,Ludwigshafen,EUR,EUR
EUR.085,Leverkusen,EUR,EUR
EUR.086,Oldenburg,EUR,EUR
EUR.087,Osnabrück,EUR,EUR
EUR.088,Solingen,EUR,EUR
EUR.089,Heidelberg,EUR,EUR
EUR.090,Herne,EUR,EUR
EUR.091,Neuss,EUR,EUR
EUR.092,Darmstadt,EUR,EUR
EUR.093,Paderborn,EUR,EUR
EUR.094,Regensburg,EUR,EUR
EUR.095,Ingolstadt,EUR,EUR
EUR.096,Würzburg,EUR,EUR
EUR.097,Fürth,EUR,EUR
EUR.098,Wolfsburg,EUR,EUR
EUR.099,Offenbach,EUR,EUR
EUR.100,Ulm,EUR,EUR
ASI.001,Tokyo,ASI,ASI
ASI.002,Shanghai,ASI,ASI
ASI.003,Beijing,ASI,ASI
ASI.004,Seoul,ASI,ASI
ASI.005,Singapore,ASI,ASI
ASI.006,Hong Kong,ASI,ASI
ASI.007,Bangkok,ASI,ASI
ASI.008,Manila,ASI,ASI
ASI.009,Jakarta,ASI,ASI
ASI.010,Kuala Lumpur,ASI,ASI
ASI.011,Hanoi,ASI,ASI
ASI.012,Ho Chi Minh City,ASI,ASI
ASI.013,Phnom Penh,ASI,ASI
ASI.014,Vientiane,ASI,ASI
ASI.015,Yangon,ASI,ASI
ASI.016,Dhaka,ASI,ASI
ASI.017,Kolkata,ASI,ASI
ASI.018,Mumbai,ASI,ASI
ASI.019,Delhi,ASI,ASI
ASI.020,Bangalore,ASI,ASI
ASI.021,Chennai,ASI,ASI
ASI.022,Hyderabad,ASI,ASI
ASI.023,Ahmedabad,ASI,ASI
ASI.024,Pune,ASI,ASI
ASI.025,Surat,ASI,ASI
ASI.026,Jaipur,ASI,ASI
ASI.027,Lucknow,ASI,ASI
ASI.028,Kanpur,ASI,ASI
ASI.029,Nagpur,ASI,ASI
ASI.030,Indore,ASI,ASI
ASI.031,Thane,ASI,ASI
ASI.032,Bhopal,ASI,ASI
ASI.033,Visakhapatnam,ASI,ASI
ASI.034,Pimpri-Chinchwad,ASI,ASI
ASI.035,Patna,ASI,ASI
ASI.036,Vadodara,ASI,ASI
ASI.037,Ghaziabad,ASI,ASI
ASI.038,Ludhiana,ASI,ASI
ASI.039,Agra,ASI,ASI
ASI.040,Nashik,ASI,ASI
ASI.041,Ranchi,ASI,ASI
ASI.042,Faridabad,ASI,ASI
ASI.043,Howrah,ASI,ASI
ASI.044,Aurangabad,ASI,ASI
ASI.045,Raipur,ASI,ASI
ASI.046,Coimbatore,ASI,ASI
ASI.047,Kota,ASI,ASI
ASI.048,Chandigarh,ASI,ASI
ASI.049,Mysore,ASI,ASI
ASI.050,Gwalior,ASI,ASI
ASI.051,Guwahati,ASI,ASI
ASI.052,Chandrapur,ASI,ASI
ASI.053,Solapur,ASI,ASI
ASI.054,Tiruchirappalli,ASI,ASI
ASI.055,Bareilly,ASI,ASI
ASI.056,Moradabad,ASI,ASI
ASI.057,Mira-Bhayandar,ASI,ASI
ASI.058,Warangal,ASI,ASI
ASI.059,Jabalpur,ASI,ASI
ASI.060,Gaya,ASI,ASI
ASI.061,Jodhpur,ASI,ASI
ASI.062,Madurai,ASI,ASI
ASI.063,Raipur,ASI,ASI
ASI.064,Kota,ASI,ASI
ASI.065,Guwahati,ASI,ASI
ASI.066,Chandrapur,ASI,ASI
ASI.067,Solapur,ASI,ASI
ASI.068,Tiruchirappalli,ASI,ASI
ASI.069,Bareilly,ASI,ASI
ASI.070,Moradabad,ASI,ASI
ASI.071,Mira-Bhayandar,ASI,ASI
ASI.072,Warangal,ASI,ASI
ASI.073,Jabalpur,ASI,ASI
ASI.074,Gaya,ASI,ASI
ASI.075,Jodhpur,ASI,ASI
ASI.076,Madurai,ASI,ASI
ASI.077,Amritsar,ASI,ASI
ASI.078,Allahabad,ASI,ASI
ASI.079,Ranchi,ASI,ASI
ASI.080,Howrah,ASI,ASI
ASI.081,Coimbatore,ASI,ASI
ASI.082,Jabalpur,ASI,ASI
ASI.083,Gwalior,ASI,ASI
ASI.084,Vijayawada,ASI,ASI
ASI.085,Jodhpur,ASI,ASI
ASI.086,Madurai,ASI,ASI
ASI.087,Salem,ASI,ASI
ASI.088,Tiruppur,ASI,ASI
ASI.089,Mira-Bhayandar,ASI,ASI
ASI.090,Ludhiana,ASI,ASI
ASI.091,Nashik,ASI,ASI
ASI.092,Vadodara,ASI,ASI
ASI.093,Moradabad,ASI,ASI
ASI.094,Agra,ASI,ASI
ASI.095,Faridabad,ASI,ASI
ASI.096,Meerut,ASI,ASI
ASI.097,Rajkot,ASI,ASI
ASI.098,Kalyan-Dombivali,ASI,ASI
ASI.099,Vasai-Virar,ASI,ASI
ASI.100,Navi Mumbai,ASI,ASI
AFR.001,Cairo,AFR,AFR
AFR.002,Lagos,AFR,AFR
AFR.003,Kinshasa,AFR,AFR
AFR.004,Johannesburg,AFR,AFR
AFR.005,Nairobi,AFR,AFR
AFR.006,Addis Ababa,AFR,AFR
AFR.007,Casablanca,AFR,AFR
AFR.008,Alexandria,AFR,AFR
AFR.009,Abidjan,AFR,AFR
AFR.010,Khartoum,AFR,AFR
AFR.011,Accra,AFR,AFR
AFR.012,Dar es Salaam,AFR,AFR
AFR.013,Algiers,AFR,AFR
AFR.014,Cape Town,AFR,AFR
AFR.015,Kano,AFR,AFR
AFR.016,Ibadan,AFR,AFR
AFR.017,Dakar,AFR,AFR
AFR.018,Luanda,AFR,AFR
AFR.019,Douala,AFR,AFR
AFR.020,Kampala,AFR,AFR
AFR.021,Harare,AFR,AFR
AFR.022,Port Harcourt,AFR,AFR
AFR.023,Bamako,AFR,AFR
AFR.024,Ouagadougou,AFR,AFR
AFR.025,Conakry,AFR,AFR
AFR.026,Lusaka,AFR,AFR
AFR.027,Blantyre,AFR,AFR
AFR.028,Maputo,AFR,AFR
AFR.029,Bujumbura,AFR,AFR
AFR.030,Kigali,AFR,AFR
AFR.031,Brazzaville,AFR,AFR
AFR.032,Pointe-Noire,AFR,AFR
AFR.033,Libreville,AFR,AFR
AFR.034,Port-Gentil,AFR,AFR
AFR.035,Malabo,AFR,AFR
AFR.036,Bata,AFR,AFR
AFR.037,São Tomé,AFR,AFR
AFR.038,Asmara,AFR,AFR
AFR.039,Djibouti,AFR,AFR
AFR.040,Mogadishu,AFR,AFR
AFR.041,Hargeisa,AFR,AFR
AFR.042,Addis Ababa,AFR,AFR
AFR.043,Bahir Dar,AFR,AFR
AFR.044,Gondar,AFR,AFR
AFR.045,Mekelle,AFR,AFR
AFR.046,Dessie,AFR,AFR
AFR.047,Jimma,AFR,AFR
AFR.048,Shashamane,AFR,AFR
AFR.049,Bishoftu,AFR,AFR
AFR.050,Arba Minch,AFR,AFR
AFR.051,Hosaena,AFR,AFR
AFR.052,Hawassa,AFR,AFR
AFR.053,Assela,AFR,AFR
AFR.054,Debre Birhan,AFR,AFR
AFR.055,Debre Markos,AFR,AFR
AFR.056,Debre Tabor,AFR,AFR
AFR.057,Adama,AFR,AFR
AFR.058,Addis Ababa,AFR,AFR
AFR.059,Bahir Dar,AFR,AFR
AFR.060,Gondar,AFR,AFR
AFR.061,Mekelle,AFR,AFR
AFR.062,Dessie,AFR,AFR
AFR.063,Jimma,AFR,AFR
AFR.064,Shashamane,AFR,AFR
AFR.065,Bishoftu,AFR,AFR
AFR.066,Arba Minch,AFR,AFR
AFR.067,Hosaena,AFR,AFR
AFR.068,Hawassa,AFR,AFR
AFR.069,Assela,AFR,AFR
AFR.070,Debre Birhan,AFR,AFR
AFR.071,Debre Markos,AFR,AFR
AFR.072,Debre Tabor,AFR,AFR
AFR.073,Adama,AFR,AFR
AFR.074,Addis Ababa,AFR,AFR
AFR.075,Bahir Dar,AFR,AFR
AFR.076,Gondar,AFR,AFR
AFR.077,Mekelle,AFR,AFR
AFR.078,Dessie,AFR,AFR
AFR.079,Jimma,AFR,AFR
AFR.080,Shashamane,AFR,AFR
AFR.081,Bishoftu,AFR,AFR
AFR.082,Arba Minch,AFR,AFR
AFR.083,Hosaena,AFR,AFR
AFR.084,Hawassa,AFR,AFR
AFR.085,Assela,AFR,AFR
AFR.086,Debre Birhan,AFR,AFR
AFR.087,Debre Markos,AFR,AFR
AFR.088,Debre Tabor,AFR,AFR
AFR.089,Adama,AFR,AFR
AFR.090,Addis Ababa,AFR,AFR
AFR.091,Bahir Dar,AFR,AFR
AFR.092,Gondar,AFR,AFR
AFR.093,Mekelle,AFR,AFR
AFR.094,Dessie,AFR,AFR
AFR.095,Jimma,AFR,AFR
AFR.096,Shashamane,AFR,AFR
AFR.097,Bishoftu,AFR,AFR
AFR.098,Arba Minch,AFR,AFR
AFR.099,Hosaena,AFR,AFR
AFR.100,Hawassa,AFR,AFR
SAM.001,São Paulo,SAM,SAM
SAM.002,Buenos Aires,SAM,SAM
SAM.003,Rio de Janeiro,SAM,SAM
SAM.004,Lima,SAM,SAM
SAM.005,Bogotá,SAM,SAM
SAM.006,Santiago,SAM,SAM
SAM.007,Caracas,SAM,SAM
SAM.008,Medellín,SAM,SAM
SAM.009,Guayaquil,SAM,SAM
SAM.010,Quito,SAM,SAM
SAM.011,Fortaleza,SAM,SAM
SAM.012,Salvador,SAM,SAM
SAM.013,Brasília,SAM,SAM
SAM.014,Recife,SAM,SAM
SAM.015,Porto Alegre,SAM,SAM
SAM.016,Curitiba,SAM,SAM
SAM.017,Manaus,SAM,SAM
SAM.018,Belém,SAM,SAM
SAM.019,Guarulhos,SAM,SAM
SAM.020,Campinas,SAM,SAM
SAM.021,Nova Iguaçu,SAM,SAM
SAM.022,São Gonçalo,SAM,SAM
SAM.023,Duque de Caxias,SAM,SAM
SAM.024,São Bernardo do Campo,SAM,SAM
SAM.025,Natal,SAM,SAM
SAM.026,Campo Grande,SAM,SAM
SAM.027,Teresina,SAM,SAM
SAM.028,São José dos Campos,SAM,SAM
SAM.029,Maceió,SAM,SAM
SAM.030,Santos,SAM,SAM
SAM.031,Ribeirão Preto,SAM,SAM
SAM.032,Vila Velha,SAM,SAM
SAM.033,Serra,SAM,SAM
SAM.034,Niterói,SAM,SAM
SAM.035,Cuiabá,SAM,SAM
SAM.036,João Pessoa,SAM,SAM
SAM.037,Aracaju,SAM,SAM
SAM.038,Feira de Santana,SAM,SAM
SAM.039,Londrina,SAM,SAM
SAM.040,Juiz de Fora,SAM,SAM
SAM.041,Belford Roxo,SAM,SAM
SAM.042,Campos dos Goytacazes,SAM,SAM
SAM.043,Petrópolis,SAM,SAM
SAM.044,Uberlândia,SAM,SAM
SAM.045,Sorocaba,SAM,SAM
SAM.046,Contagem,SAM,SAM
SAM.047,Aracaju,SAM,SAM
SAM.048,Feira de Santana,SAM,SAM
SAM.049,Londrina,SAM,SAM
SAM.050,Juiz de Fora,SAM,SAM
SAM.051,Belford Roxo,SAM,SAM
SAM.052,Campos dos Goytacazes,SAM,SAM
SAM.053,Petrópolis,SAM,SAM
SAM.054,Uberlândia,SAM,SAM
SAM.055,Sorocaba,SAM,SAM
SAM.056,Contagem,SAM,SAM
SAM.057,Aracaju,SAM,SAM
SAM.058,Feira de Santana,SAM,SAM
SAM.059,Londrina,SAM,SAM
SAM.060,Juiz de Fora,SAM,SAM
SAM.061,Belford Roxo,SAM,SAM
SAM.062,Campos dos Goytacazes,SAM,SAM
SAM.063,Petrópolis,SAM,SAM
SAM.064,Uberlândia,SAM,SAM
SAM.065,Sorocaba,SAM,SAM
SAM.066,Contagem,SAM,SAM
SAM.067,Aracaju,SAM,SAM
SAM.068,Feira de Santana,SAM,SAM
SAM.069,Londrina,SAM,SAM
SAM.070,Juiz de Fora,SAM,SAM
SAM.071,Belford Roxo,SAM,SAM
SAM.072,Campos dos Goytacazes,SAM,SAM
SAM.073,Petrópolis,SAM,SAM
SAM.074,Uberlândia,SAM,SAM
SAM.075,Sorocaba,SAM,SAM
SAM.076,Contagem,SAM,SAM
SAM.077,Aracaju,SAM,SAM
SAM.078,Feira de Santana,SAM,SAM
SAM.079,Londrina,SAM,SAM
SAM.080,Juiz de Fora,SAM,SAM
SAM.081,Belford Roxo,SAM,SAM
SAM.082,Campos dos Goytacazes,SAM,SAM
SAM.083,Petrópolis,SAM,SAM
SAM.084,Uberlândia,SAM,SAM
SAM.085,Sorocaba,SAM,SAM
SAM.086,Contagem,SAM,SAM
SAM.087,Aracaju,SAM,SAM
SAM.088,Feira de Santana,SAM,SAM
SAM.089,Londrina,SAM,SAM
SAM.090,Juiz de Fora,SAM,SAM
SAM.091,Belford Roxo,SAM,SAM
SAM.092,Campos dos Goytacazes,SAM,SAM
SAM.093,Petrópolis,SAM,SAM
SAM.094,Uberlândia,SAM,SAM
SAM.095,Sorocaba,SAM,SAM
SAM.096,Contagem,SAM,SAM
SAM.097,Aracaju,SAM,SAM
SAM.098,Feira de Santana,SAM,SAM
SAM.099,Londrina,SAM,SAM
SAM.100,Juiz de Fora,SAM,SAM
CAN_REG.001,Toronto,CAN,CAN
CAN_REG.002,Montreal,CAN,CAN
CAN_REG.003,Vancouver,CAN,CAN
CAN_REG.004,Calgary,CAN,CAN
CAN_REG.005,Edmonton,CAN,CAN
CAN_REG.006,Ottawa,CAN,CAN
CAN_REG.007,Winnipeg,CAN,CAN
CAN_REG.008,Quebec City,CAN,CAN
CAN_REG.009,Hamilton,CAN,CAN
CAN_REG.010,Kitchener,CAN,CAN
CAN_REG.011,London,CAN,CAN
CAN_REG.012,Victoria,CAN,CAN
CAN_REG.013,Windsor,CAN,CAN
CAN_REG.014,Oshawa,CAN,CAN
CAN_REG.015,Saskatoon,CAN,CAN
CAN_REG.016,Regina,CAN,CAN
CAN_REG.017,Sherbrooke,CAN,CAN
CAN_REG.018,St. John's,CAN,CAN
CAN_REG.019,Kelowna,CAN,CAN
CAN_REG.020,Abbotsford,CAN,CAN
CAN_REG.021,Kingston,CAN,CAN
CAN_REG.022,Saguenay,CAN,CAN
CAN_REG.023,Trois-Rivières,CAN,CAN
CAN_REG.024,Guelph,CAN,CAN
CAN_REG.025,Moncton,CAN,CAN
CAN_REG.026,Brantford,CAN,CAN
CAN_REG.027,Saint John,CAN,CAN
CAN_REG.028,Thunder Bay,CAN,CAN
CAN_REG.029,Peterborough,CAN,CAN
CAN_REG.030,Nanaimo,CAN,CAN
CAN_REG.031,Sudbury,CAN,CAN
CAN_REG.032,Chicoutimi,CAN,CAN
CAN_REG.033,Red Deer,CAN,CAN
CAN_REG.034,Prince George,CAN,CAN
CAN_REG.035,Saint-Georges,CAN,CAN
CAN_REG.036,Drummondville,CAN,CAN
CAN_REG.037,Saint-Jean-sur-Richelieu,CAN,CAN
CAN_REG.038,Saint-Jérôme,CAN,CAN
CAN_REG.039,Belleville,CAN,CAN
CAN_REG.040,Fort St. John,CAN,CAN
CAN_REG.041,Grande Prairie,CAN,CAN
CAN_REG.042,Medicine Hat,CAN,CAN
CAN_REG.043,Prince Albert,CAN,CAN
CAN_REG.044,Red Deer,CAN,CAN
CAN_REG.045,Saskatoon,CAN,CAN
CAN_REG.046,Thunder Bay,CAN,CAN
CAN_REG.047,Windsor,CAN,CAN
CAN_REG.048,Saint John,CAN,CAN
CAN_REG.049,Sherbrooke,CAN,CAN
CAN_REG.050,Trois-Rivières,CAN,CAN
CAN_REG.051,Kingston,CAN,CAN
CAN_REG.052,Saguenay,CAN,CAN
CAN_REG.053,Guelph,CAN,CAN
CAN_REG.054,Moncton,CAN,CAN
CAN_REG.055,Brantford,CAN,CAN
CAN_REG.056,Saint John,CAN,CAN
CAN_REG.057,Thunder Bay,CAN,CAN
CAN_REG.058,Peterborough,CAN,CAN
CAN_REG.059,Nanaimo,CAN,CAN
CAN_REG.060,Sudbury,CAN,CAN
CAN_REG.061,Chicoutimi,CAN,CAN
CAN_REG.062,Red Deer,CAN,CAN
CAN_REG.063,Prince George,CAN,CAN
CAN_REG.064,Saint-Georges,CAN,CAN
CAN_REG.065,Drummondville,CAN,CAN
CAN_REG.066,Saint-Jean-sur-Richelieu,CAN,CAN
CAN_REG.067,Saint-Jérôme,CAN,CAN
CAN_REG.068,Belleville,CAN,CAN
CAN_REG.069,Fort St. John,CAN,CAN
CAN_REG.070,Grande Prairie,CAN,CAN
CAN_REG.071,Medicine Hat,CAN,CAN
CAN_REG.072,Prince Albert,CAN,CAN
CAN_REG.073,Red Deer,CAN,CAN
CAN_REG.074,Saskatoon,CAN,CAN
CAN_REG.075,Thunder Bay,CAN,CAN
CAN_REG.076,Windsor,CAN,CAN
CAN_REG.077,Saint John,CAN,CAN
CAN_REG.078,Sherbrooke,CAN,CAN
CAN_REG.079,Trois-Rivières,CAN,CAN
CAN_REG.080,Kingston,CAN,CAN
CAN_REG.081,Saguenay,CAN,CAN
CAN_REG.082,Guelph,CAN,CAN
CAN_REG.083,Moncton,CAN,CAN
CAN_REG.084,Brantford,CAN,CAN
CAN_REG.085,Saint John,CAN,CAN
CAN_REG.086,Thunder Bay,CAN,CAN
CAN_REG.087,Peterborough,CAN,CAN
CAN_REG.088,Nanaimo,CAN,CAN
CAN_REG.089,Sudbury,CAN,CAN
CAN_REG.090,Chicoutimi,CAN,CAN
CAN_REG.091,Red Deer,CAN,CAN
CAN_REG.092,Prince George,CAN,CAN
CAN_REG.093,Saint-Georges,CAN,CAN
CAN_REG.094,Drummondville,CAN,CAN
CAN_REG.095,Saint-Jean-sur-Richelieu,CAN,CAN
CAN_REG.096,Saint-Jérôme,CAN,CAN
CAN_REG.097,Belleville,CAN,CAN
CAN_REG.098,Fort St. John,CAN,CAN
CAN_REG.099,Grande Prairie,CAN,CAN
CAN_REG.100,Medicine Hat,CAN,CAN
CAC.001,Mexico City,CAC,CAC
CAC.002,Guatemala City,CAC,CAC
CAC.003,San Salvador,CAC,CAC
CAC.004,Tegucigalpa,CAC,CAC
CAC.005,Managua,CAC,CAC
CAC.006,San José,CAC,CAC
CAC.007,Panama City,CAC,CAC
CAC.008,Belmopan,CAC,CAC
CAC.009,Havana,CAC,CAC
CAC.010,Santo Domingo,CAC,CAC
CAC.011,Port-au-Prince,CAC,CAC
CAC.012,Kingston,CAC,CAC
CAC.013,Bridgetown,CAC,CAC
CAC.014,Port of Spain,CAC,CAC
CAC.015,Georgetown,CAC,CAC
CAC.016,Paramaribo,CAC,CAC
CAC.017,Cayenne,CAC,CAC
CAC.018,Fort-de-France,CAC,CAC
CAC.019,San Juan,CAC,CAC
CAC.020,Guadalajara,CAC,CAC
CAC.021,Monterrey,CAC,CAC
CAC.022,Puebla,CAC,CAC
CAC.023,Tijuana,CAC,CAC
CAC.024,León,CAC,CAC
CAC.025,Zapopan,CAC,CAC
CAC.026,Monterrey,CAC,CAC
CAC.027,Guadalajara,CAC,CAC
CAC.028,Puebla,CAC,CAC
CAC.029,Tijuana,CAC,CAC
CAC.030,León,CAC,CAC
CAC.031,Zapopan,CAC,CAC
CAC.032,Monterrey,CAC,CAC
CAC.033,Guadalajara,CAC,CAC
CAC.034,Puebla,CAC,CAC
CAC.035,Tijuana,CAC,CAC
CAC.036,León,CAC,CAC
CAC.037,Zapopan,CAC,CAC
CAC.038,Monterrey,CAC,CAC
CAC.039,Guadalajara,CAC,CAC
CAC.040,Puebla,CAC,CAC
CAC.041,Tijuana,CAC,CAC
CAC.042,León,CAC,CAC
CAC.043,Zapopan,CAC,CAC
CAC.044,Monterrey,CAC,CAC
CAC.045,Guadalajara,CAC,CAC
CAC.046,Puebla,CAC,CAC
CAC.047,Tijuana,CAC,CAC
CAC.048,León,CAC,CAC
CAC.049,Zapopan,CAC,CAC
CAC.050,Monterrey,CAC,CAC
CAC.051,Guadalajara,CAC,CAC
CAC.052,Puebla,CAC,CAC
CAC.053,Tijuana,CAC,CAC
CAC.054,León,CAC,CAC
CAC.055,Zapopan,CAC,CAC
CAC.056,Monterrey,CAC,CAC
CAC.057,Guadalajara,CAC,CAC
CAC.058,Puebla,CAC,CAC
CAC.059,Tijuana,CAC,CAC
CAC.060,León,CAC,CAC
CAC.061,Zapopan,CAC,CAC
CAC.062,Monterrey,CAC,CAC
CAC.063,Guadalajara,CAC,CAC
CAC.064,Puebla,CAC,CAC
CAC.065,Tijuana,CAC,CAC
CAC.066,León,CAC,CAC
CAC.067,Zapopan,CAC,CAC
CAC.068,Monterrey,CAC,CAC
CAC.069,Guadalajara,CAC,CAC
CAC.070,Puebla,CAC,CAC
CAC.071,Tijuana,CAC,CAC
CAC.072,León,CAC,CAC
CAC.073,Zapopan,CAC,CAC
CAC.074,Monterrey,CAC,CAC
CAC.075,Guadalajara,CAC,CAC
CAC.076,Puebla,CAC,CAC
CAC.077,Tijuana,CAC,CAC
CAC.078,León,CAC,CAC
CAC.079,Zapopan,CAC,CAC
CAC.080,Monterrey,CAC,CAC
CAC.081,Guadalajara,CAC,CAC
CAC.082,Puebla,CAC,CAC
CAC.083,Tijuana,CAC,CAC
CAC.084,León,CAC,CAC
CAC.085,Zapopan,CAC,CAC
CAC.086,Monterrey,CAC,CAC
CAC.087,Guadalajara,CAC,CAC
CAC.088,Puebla,CAC,CAC
CAC.089,Tijuana,CAC,CAC
CAC.090,León,CAC,CAC
CAC.091,Zapopan,CAC,CAC
CAC.092,Monterrey,CAC,CAC
CAC.093,Guadalajara,CAC,CAC
CAC.094,Puebla,CAC,CAC
CAC.095,Tijuana,CAC,CAC
CAC.096,León,CAC,CAC
CAC.097,Zapopan,CAC,CAC
CAC.098,Monterrey,CAC,CAC
CAC.099,Guadalajara,CAC,CAC
CAC.100,Puebla,CAC,CAC
OCE.001,Sydney,OCE,OCE
OCE.002,Melbourne,OCE,OCE
OCE.003,Brisbane,OCE,OCE
OCE.004,Perth,OCE,OCE
OCE.005,Adelaide,OCE,OCE
OCE.006,Gold Coast,OCE,OCE
OCE.007,Newcastle,OCE,OCE
OCE.008,Canberra,OCE,OCE
OCE.009,Sunshine Coast,OCE,OCE
OCE.010,Wollongong,OCE,OCE
OCE.011,Hobart,OCE,OCE
OCE.012,Geelong,OCE,OCE
OCE.013,Townsville,OCE,OCE
OCE.014,Cairns,OCE,OCE
OCE.015,Darwin,OCE,OCE
OCE.016,Toowoomba,OCE,OCE
OCE.017,Ballarat,OCE,OCE
OCE.018,Bendigo,OCE,OCE
OCE.019,Albury-Wodonga,OCE,OCE
OCE.020,Launceston,OCE,OCE
OCE.021,Mackay,OCE,OCE
OCE.022,Rockhampton,OCE,OCE
OCE.023,Bunbury,OCE,OCE
OCE.024,Coffs Harbour,OCE,OCE
OCE.025,Wagga Wagga,OCE,OCE
OCE.026,Hervey Bay,OCE,OCE
OCE.027,Port Macquarie,OCE,OCE
OCE.028,Tamworth,OCE,OCE
OCE.029,Orange,OCE,OCE
OCE.030,Bowral,OCE,OCE
OCE.031,Auckland,OCE,OCE
OCE.032,Wellington,OCE,OCE
OCE.033,Christchurch,OCE,OCE
OCE.034,Hamilton,OCE,OCE
OCE.035,Tauranga,OCE,OCE
OCE.036,Napier-Hastings,OCE,OCE
OCE.037,Dunedin,OCE,OCE
OCE.038,Palmerston North,OCE,OCE
OCE.039,Nelson,OCE,OCE
OCE.040,Rotorua,OCE,OCE
OCE.041,New Plymouth,OCE,OCE
OCE.042,Whangarei,OCE,OCE
OCE.043,Invercargill,OCE,OCE
OCE.044,Whanganui,OCE,OCE
OCE.045,Gisborne,OCE,OCE
OCE.046,Port Moresby,OCE,OCE
OCE.047,Lae,OCE,OCE
OCE.048,Mount Hagen,OCE,OCE
OCE.049,Madang,OCE,OCE
OCE.050,Goroka,OCE,OCE
OCE.051,Kokopo,OCE,OCE
OCE.052,Mendi,OCE,OCE
OCE.053,Kimbe,OCE,OCE
OCE.054,Bulolo,OCE,OCE
OCE.055,Arawa,OCE,OCE
OCE.056,Kiunga,OCE,OCE
OCE.057,Buka,OCE,OCE
OCE.058,Kundiawa,OCE,OCE
OCE.059,Tari,OCE,OCE
OCE.060,Wewak,OCE,OCE
OCE.061,Suva,OCE,OCE
OCE.062,Lautoka,OCE,OCE
OCE.063,Nadi,OCE,OCE
OCE.064,Labasa,OCE,OCE
OCE.065,Ba,OCE,OCE
OCE.066,Levuka,OCE,OCE
OCE.067,Savusavu,OCE,OCE
OCE.068,Sigatoka,OCE,OCE
OCE.069,Nausori,OCE,OCE
OCE.070,Rakiraki,OCE,OCE
OCE.071,Port Vila,OCE,OCE
OCE.072,Luganville,OCE,OCE
OCE.073,Isangel,OCE,OCE
OCE.074,Lakatoro,OCE,OCE
OCE.075,Saratamata,OCE,OCE
OCE.076,Sola,OCE,OCE
OCE.077,Port-Olry,OCE,OCE
OCE.078,Lenakel,OCE,OCE
OCE.079,Loltong,OCE,OCE
OCE.080,Norsup,OCE,OCE
OCE.081,Noumea,OCE,OCE
OCE.082,Dumbea,OCE,OCE
OCE.083,Païta,OCE,OCE
OCE.084,Mont-Dore,OCE,OCE
OCE.085,Bourail,OCE,OCE
OCE.086,Koumac,OCE,OCE
OCE.087,Poindimié,OCE,OCE
OCE.088,Koné,OCE,OCE
OCE.089,Thio,OCE,OCE
OCE.090,Canala,OCE,OCE
OCE.091,Honolulu,OCE,OCE
OCE.092,Hilo,OCE,OCE
OCE.093,Kailua,OCE,OCE
OCE.094,Kapolei,OCE,OCE
OCE.095,Kaneohe,OCE,OCE
OCE.096,Mililani Town,OCE,OCE
OCE.097,Ewa Gentry,OCE,OCE
OCE.098,Waipahu,OCE,OCE
OCE.099,Pearl City,OCE,OCE
OCE.100,Wahiawa,OCE,OCE
MDE.001,Cairo,MDE,MDE
MDE.002,Tehran,MDE,MDE
MDE.003,Istanbul,MDE,MDE
MDE.004,Baghdad,MDE,MDE
MDE.005,Riyadh,MDE,MDE
MDE.006,Jeddah,MDE,MDE
MDE.007,Amman,MDE,MDE
MDE.008,Beirut,MDE,MDE
MDE.009,Damascus,MDE,MDE
MDE.010,Aleppo,MDE,MDE
MDE.011,Jerusalem,MDE,MDE
MDE.012,Tel Aviv,MDE,MDE
MDE.013,Haifa,MDE,MDE
MDE.014,Mecca,MDE,MDE
MDE.015,Medina,MDE,MDE
MDE.016,Dammam,MDE,MDE
MDE.017,Tabuk,MDE,MDE
MDE.018,Abha,MDE,MDE
MDE.019,Jizan,MDE,MDE
MDE.020,Najran,MDE,MDE
MDE.021,Buraidah,MDE,MDE
MDE.022,Khamis Mushait,MDE,MDE
MDE.023,Hail,MDE,MDE
MDE.024,Al-Kharj,MDE,MDE
MDE.025,Al-Ahsa,MDE,MDE
MDE.026,Al-Qatif,MDE,MDE
MDE.027,Yanbu,MDE,MDE
MDE.028,Al-Khubar,MDE,MDE
MDE.029,Al-Dammam,MDE,MDE
MDE.030,Al-Khobar,MDE,MDE
MDE.031,Al-Jubail,MDE,MDE
MDE.032,Al-Khafji,MDE,MDE
MDE.033,Al-Qunfudhah,MDE,MDE
MDE.034,Al-Lith,MDE,MDE
MDE.035,Al-Qunfudhah,MDE,MDE
MDE.036,Al-Lith,MDE,MDE
MDE.037,Al-Qunfudhah,MDE,MDE
MDE.038,Al-Lith,MDE,MDE
MDE.039,Al-Qunfudhah,MDE,MDE
MDE.040,Al-Lith,MDE,MDE
MDE.041,Al-Qunfudhah,MDE,MDE
MDE.042,Al-Lith,MDE,MDE
MDE.043,Al-Qunfudhah,MDE,MDE
MDE.044,Al-Lith,MDE,MDE
MDE.045,Al-Qunfudhah,MDE,MDE
MDE.046,Al-Lith,MDE,MDE
MDE.047,Al-Qunfudhah,MDE,MDE
MDE.048,Al-Lith,MDE,MDE
MDE.049,Al-Qunfudhah,MDE,MDE
MDE.050,Al-Lith,MDE,MDE
MDE.051,Al-Qunfudhah,MDE,MDE
MDE.052,Al-Lith,MDE,MDE
MDE.053,Al-Qunfudhah,MDE,MDE
MDE.054,Al-Lith,MDE,MDE
MDE.055,Al-Qunfudhah,MDE,MDE
MDE.056,Al-Lith,MDE,MDE
MDE.057,Al-Qunfudhah,MDE,MDE
MDE.058,Al-Lith,MDE,MDE
MDE.059,Al-Qunfudhah,MDE,MDE
MDE.060,Al-Lith,MDE,MDE
MDE.061,Al-Qunfudhah,MDE,MDE
MDE.062,Al-Lith,MDE,MDE
MDE.063,Al-Qunfudhah,MDE,MDE
MDE.064,Al-Lith,MDE,MDE
MDE.065,Al-Qunfudhah,MDE,MDE
MDE.066,Al-Lith,MDE,MDE
MDE.067,Al-Qunfudhah,MDE,MDE
MDE.068,Al-Lith,MDE,MDE
MDE.069,Al-Qunfudhah,MDE,MDE
MDE.070,Al-Lith,MDE,MDE
MDE.071,Al-Qunfudhah,MDE,MDE
MDE.072,Al-Lith,MDE,MDE
MDE.073,Al-Qunfudhah,MDE,MDE
MDE.074,Al-Lith,MDE,MDE
MDE.075,Al-Qunfudhah,MDE,MDE
MDE.076,Al-Lith,MDE,MDE
MDE.077,Al-Qunfudhah,MDE,MDE
MDE.078,Al-Lith,MDE,MDE
MDE.079,Al-Qunfudhah,MDE,MDE
MDE.080,Al-Lith,MDE,MDE
MDE.081,Al-Qunfudhah,MDE,MDE
MDE.082,Al-Lith,MDE,MDE
MDE.083,Al-Qunfudhah,MDE,MDE
MDE.084,Al-Lith,MDE,MDE
MDE.085,Al-Qunfudhah,MDE,MDE
MDE.086,Al-Lith,MDE,MDE
MDE.087,Al-Qunfudhah,MDE,MDE
MDE.088,Al-Lith,MDE,MDE
MDE.089,Al-Qunfudhah,MDE,MDE
MDE.090,Al-Lith,MDE,MDE
MDE.091,Al-Qunfudhah,MDE,MDE
MDE.092,Al-Lith,MDE,MDE
MDE.093,Al-Qunfudhah,MDE,MDE
MDE.094,Al-Lith,MDE,MDE
MDE.095,Al-Qunfudhah,MDE,MDE
MDE.096,Al-Lith,MDE,MDE
MDE.097,Al-Qunfudhah,MDE,MDE
MDE.098,Al-Lith,MDE,MDE
MDE.099,Al-Qunfudhah,MDE,MDE
MDE.100,Al-Lith,MDE,MDE
EUR.101,Moscow,EUR,EUR
EUR.102,Saint Petersburg,EUR,EUR
EUR.103,Novosibirsk,EUR,EUR
EUR.104,Yekaterinburg,EUR,EUR
EUR.105,Kazan,EUR,EUR
EUR.106,Nizhny Novgorod,EUR,EUR
EUR.107,Chelyabinsk,EUR,EUR
EUR.108,Samara,EUR,EUR
EUR.109,Omsk,EUR,EUR
EUR.110,Rostov-on-Don,EUR,EUR
EUR.111,Ufa,EUR,EUR
EUR.112,Krasnoyarsk,EUR,EUR
EUR.113,Perm,EUR,EUR
EUR.114,Voronezh,EUR,EUR
EUR.115,Volgograd,EUR,EUR
EUR.116,Krasnodar,EUR,EUR
EUR.117,Saratov,EUR,EUR
EUR.118,Tyumen,EUR,EUR
EUR.119,Tolyatti,EUR,EUR
EUR.120,Izhevsk,EUR,EUR
EUR.121,Barnaul,EUR,EUR
EUR.122,Ulyanovsk,EUR,EUR
EUR.123,Irkutsk,EUR,EUR
EUR.124,Khabarovsk,EUR,EUR
EUR.125,Yaroslavl,EUR,EUR
EUR.126,Vladivostok,EUR,EUR
EUR.127,Makhachkala,EUR,EUR
EUR.128,Tomsk,EUR,EUR
EUR.129,Orenburg,EUR,EUR
EUR.130,Kemerovo,EUR,EUR
EUR.131,Novokuznetsk,EUR,EUR
EUR.132,Ryazan,EUR,EUR
EUR.133,Astrakhan,EUR,EUR
EUR.134,Naberezhnye Chelny,EUR,EUR
EUR.135,Penza,EUR,EUR
EUR.136,Lipetsk,EUR,EUR
EUR.137,Kirov,EUR,EUR
EUR.138,Cheboksary,EUR,EUR
EUR.139,Tula,EUR,EUR
EUR.140,Kaliningrad,EUR,EUR
EUR.141,Balashikha,EUR,EUR
EUR.142,Kursk,EUR,EUR
EUR.143,Ulan-Ude,EUR,EUR
EUR.144,Stavropol,EUR,EUR
EUR.145,Sochi,EUR,EUR
EUR.146,Ivanovo,EUR,EUR
EUR.147,Bryansk,EUR,EUR
EUR.148,Arkhangelsk,EUR,EUR
EUR.149,Tver,EUR,EUR
EUR.150,Belgorod,EUR,EUR
EUR.151,Vladimir,EUR,EUR
EUR.152,Chita,EUR,EUR
EUR.153,Kurgan,EUR,EUR
EUR.154,Smolensk,EUR,EUR
EUR.155,Orël,EUR,EUR
EUR.156,Vladikavkaz,EUR,EUR
EUR.157,Grozny,EUR,EUR
EUR.158,Murmansk,EUR,EUR
EUR.159,Vologda,EUR,EUR
EUR.160,Cherepovets,EUR,EUR
EUR.161,Saransk,EUR,EUR
EUR.162,Vladimir,EUR,EUR
EUR.163,Chita,EUR,EUR
EUR.164,Kurgan,EUR,EUR
EUR.165,Smolensk,EUR,EUR
EUR.166,Orël,EUR,EUR
EUR.167,Vladikavkaz,EUR,EUR
EUR.168,Grozny,EUR,EUR
EUR.169,Murmansk,EUR,EUR
EUR.170,Vologda,EUR,EUR
EUR.171,Cherepovets,EUR,EUR
EUR.172,Saransk,EUR,EUR
EUR.173,Vladimir,EUR,EUR
EUR.174,Chita,EUR,EUR
EUR.175,Kurgan,EUR,EUR
EUR.176,Smolensk,EUR,EUR
EUR.177,Orël,EUR,EUR
EUR.178,Vladikavkaz,EUR,EUR
EUR.179,Grozny,EUR,EUR
EUR.180,Murmansk,EUR,EUR
EUR.181,Vologda,EUR,EUR
EUR.182,Cherepovets,EUR,EUR
EUR.183,Saransk,EUR,EUR
EUR.184,Vladimir,EUR,EUR
EUR.185,Chita,EUR,EUR
EUR.186,Kurgan,EUR,EUR
EUR.187,Smolensk,EUR,EUR
EUR.188,Orël,EUR,EUR
EUR.189,Vladikavkaz,EUR,EUR
EUR.190,Grozny,EUR,EUR
EUR.191,Murmansk,EUR,EUR
EUR.192,Vologda,EUR,EUR
EUR.193,Cherepovets,EUR,EUR
EUR.194,Saransk,EUR,EUR
EUR.195,Vladimir,EUR,EUR
EUR.196,Chita,EUR,EUR
EUR.197,Kurgan,EUR,EUR
EUR.198,Smolensk,EUR,EUR
EUR.199,Orël,EUR,EUR
EUR.200,Vladikavkaz,EUR,EUR
ASI.101,Osaka,ASI,ASI
ASI.102,Nagoya,ASI,ASI
ASI.103,Sapporo,ASI,ASI
ASI.104,Fukuoka,ASI,ASI
ASI.105,Kobe,ASI,ASI
ASI.106,Kyoto,ASI,ASI
ASI.107,Kawasaki,ASI,ASI
ASI.108,Saitama,ASI,ASI
ASI.109,Hiroshima,ASI,ASI
ASI.110,Sendai,ASI,ASI
ASI.111,Chiba,ASI,ASI
ASI.112,Kitakyushu,ASI,ASI
ASI.113,Sakai,ASI,ASI
ASI.114,Niigata,ASI,ASI
ASI.115,Hamamatsu,ASI,ASI
ASI.116,Kumamoto,ASI,ASI
ASI.117,Sagamihara,ASI,ASI
ASI.118,Shizuoka,ASI,ASI
ASI.119,Okayama,ASI,ASI
ASI.120,Kagoshima,ASI,ASI
ASI.121,Funabashi,ASI,ASI
ASI.122,Hachioji,ASI,ASI
ASI.123,Matsuyama,ASI,ASI
ASI.124,Kanazawa,ASI,ASI
ASI.125,Nagano,ASI,ASI
ASI.126,Oita,ASI,ASI
ASI.127,Wakayama,ASI,ASI
ASI.128,Gifu,ASI,ASI
ASI.129,Mito,ASI,ASI
ASI.130,Takamatsu,ASI,ASI
ASI.131,Koriyama,ASI,ASI
ASI.132,Akita,ASI,ASI
ASI.133,Aomori,ASI,ASI
ASI.134,Miyazaki,ASI,ASI
ASI.135,Hakodate,ASI,ASI
ASI.136,Yokosuka,ASI,ASI
ASI.137,Tokushima,ASI,ASI
ASI.138,Maebashi,ASI,ASI
ASI.139,Iwaki,ASI,ASI
ASI.140,Obihiro,ASI,ASI
ASI.141,Matsumoto,ASI,ASI
ASI.142,Fukushima,ASI,ASI
ASI.143,Mito,ASI,ASI
ASI.144,Takamatsu,ASI,ASI
ASI.145,Koriyama,ASI,ASI
ASI.146,Akita,ASI,ASI
ASI.147,Aomori,ASI,ASI
ASI.148,Miyazaki,ASI,ASI
ASI.149,Hakodate,ASI,ASI
ASI.150,Yokosuka,ASI,ASI
ASI.151,Tokushima,ASI,ASI
ASI.152,Maebashi,ASI,ASI
ASI.153,Iwaki,ASI,ASI
ASI.154,Obihiro,ASI,ASI
ASI.155,Matsumoto,ASI,ASI
ASI.156,Fukushima,ASI,ASI
ASI.157,Mito,ASI,ASI
ASI.158,Takamatsu,ASI,ASI
ASI.159,Koriyama,ASI,ASI
ASI.160,Akita,ASI,ASI
ASI.161,Aomori,ASI,ASI
ASI.162,Miyazaki,ASI,ASI
ASI.163,Hakodate,ASI,ASI
ASI.164,Yokosuka,ASI,ASI
ASI.165,Tokushima,ASI,ASI
ASI.166,Maebashi,ASI,ASI
ASI.167,Iwaki,ASI,ASI
ASI.168,Obihiro,ASI,ASI
ASI.169,Matsumoto,ASI,ASI
ASI.170,Fukushima,ASI,ASI
ASI.171,Mito,ASI,ASI
ASI.172,Takamatsu,ASI,ASI
ASI.173,Koriyama,ASI,ASI
ASI.174,Akita,ASI,ASI
ASI.175,Aomori,ASI,ASI
ASI.176,Miyazaki,ASI,ASI
ASI.177,Hakodate,ASI,ASI
ASI.178,Yokosuka,ASI,ASI
ASI.179,Tokushima,ASI,ASI
ASI.180,Maebashi,ASI,ASI
ASI.181,Iwaki,ASI,ASI
ASI.182,Obihiro,ASI,ASI
ASI.183,Matsumoto,ASI,ASI
ASI.184,Fukushima,ASI,ASI
ASI.185,Mito,ASI,ASI
ASI.186,Takamatsu,ASI,ASI
ASI.187,Koriyama,ASI,ASI
ASI.188,Akita,ASI,ASI
ASI.189,Aomori,ASI,ASI
ASI.190,Miyazaki,ASI,ASI
ASI.191,Hakodate,ASI,ASI
ASI.192,Yokosuka,ASI,ASI
ASI.193,Tokushima,ASI,ASI
ASI.194,Maebashi,ASI,ASI
ASI.195,Iwaki,ASI,ASI
ASI.196,Obihiro,ASI,ASI
ASI.197,Matsumoto,ASI,ASI
ASI.198,Fukushima,ASI,ASI
ASI.199,Mito,ASI,ASI
ASI.200,Takamatsu,ASI,ASI
NORD.001,Stockholm,NORD,NORD
NORD.002,Gothenburg,NORD,NORD
NORD.003,Malmö,NORD,NORD
NORD.004,Uppsala,NORD,NORD
NORD.005,Västerås,NORD,NORD
NORD.006,Örebro,NORD,NORD
NORD.007,Linköping,NORD,NORD
NORD.008,Helsingborg,NORD,NORD
NORD.009,Jönköping,NORD,NORD
NORD.010,Norrköping,NORD,NORD
NORD.011,Lund,NORD,NORD
NORD.012,Umeå,NORD,NORD
NORD.013,Gävle,NORD,NORD
NORD.014,Borlänge,NORD,NORD
NORD.015,Eskilstuna,NORD,NORD
NORD.016,Södertälje,NORD,NORD
NORD.017,Karlstad,NORD,NORD
NORD.018,Täby,NORD,NORD
NORD.019,Växjö,NORD,NORD
NORD.020,Halmstad,NORD,NORD
NORD.021,Oslo,NORD,NORD
NORD.022,Bergen,NORD,NORD
NORD.023,Trondheim,NORD,NORD
NORD.024,Stavanger,NORD,NORD
NORD.025,Drammen,NORD,NORD
NORD.026,Fredrikstad,NORD,NORD
NORD.027,Kristiansand,NORD,NORD
NORD.028,Sandnes,NORD,NORD
NORD.029,Tromsø,NORD,NORD
NORD.030,Sarpsborg,NORD,NORD
NORD.031,Bodø,NORD,NORD
NORD.032,Ålesund,NORD,NORD
NORD.033,Tønsberg,NORD,NORD
NORD.034,Moss,NORD,NORD
NORD.035,Haugesund,NORD,NORD
NORD.036,Sandefjord,NORD,NORD
NORD.037,Mo i Rana,NORD,NORD
NORD.038,Arendal,NORD,NORD
NORD.039,Hamar,NORD,NORD
NORD.040,Lillehammer,NORD,NORD
NORD.041,Copenhagen,NORD,NORD
NORD.042,Aarhus,NORD,NORD
NORD.043,Odense,NORD,NORD
NORD.044,Aalborg,NORD,NORD
NORD.045,Esbjerg,NORD,NORD
NORD.046,Randers,NORD,NORD
NORD.047,Kolding,NORD,NORD
NORD.048,Horsens,NORD,NORD
NORD.049,Vejle,NORD,NORD
NORD.050,Roskilde,NORD,NORD
NORD.051,Herning,NORD,NORD
NORD.052,Silkeborg,NORD,NORD
NORD.053,Næstved,NORD,NORD
NORD.054,Fredericia,NORD,NORD
NORD.055,Viborg,NORD,NORD
NORD.056,Køge,NORD,NORD
NORD.057,Helsingør,NORD,NORD
NORD.058,Helsinki,NORD,NORD
NORD.059,Espoo,NORD,NORD
NORD.060,Tampere,NORD,NORD
NORD.061,Vantaa,NORD,NORD
NORD.062,Oulu,NORD,NORD
NORD.063,Turku,NORD,NORD
NORD.064,Jyväskylä,NORD,NORD
NORD.065,Lahti,NORD,NORD
NORD.066,Kuopio,NORD,NORD
NORD.067,Pori,NORD,NORD
NORD.068,Joensuu,NORD,NORD
NORD.069,Lappeenranta,NORD,NORD
NORD.070,Hämeenlinna,NORD,NORD
NORD.071,Vaasa,NORD,NORD
NORD.072,Seinäjoki,NORD,NORD
NORD.073,Rovaniemi,NORD,NORD
NORD.074,Mikkeli,NORD,NORD
NORD.075,Kotka,NORD,NORD
NORD.076,Salo,NORD,NORD
NORD.077,Porvoo,NORD,NORD
NORD.078,Kokkola,NORD,NORD
NORD.079,Hyvinkää,NORD,NORD
NORD.080,Lohja,NORD,NORD
NORD.081,Reykjavik,NORD,NORD
NORD.082,Kópavogur,NORD,NORD
NORD.083,Hafnarfjörður,NORD,NORD
NORD.084,Akureyri,NORD,NORD
NORD.085,Reykjanesbær,NORD,NORD
NORD.086,Garðabær,NORD,NORD
NORD.087,Mosfellsbær,NORD,NORD
NORD.088,Akranes,NORD,NORD
NORD.089,Seltjarnarnes,NORD,NORD
NORD.090,Selfoss,NORD,NORD
NORD.091,Ísafjörður,NORD,NORD
NORD.092,Egilsstaðir,NORD,NORD
NORD.093,Húsavík,NORD,NORD
NORD.094,Höfn,NORD,NORD
NORD.095,Seyðisfjörður,NORD,NORD
NORD.096,Stykkishólmur,NORD,NORD
NORD.097,Ólafsvík,NORD,NORD
NORD.098,Patreksfjörður,NORD,NORD
NORD.099,Djúpivogur,NORD,NORD
NORD.100,Bolungarvík,NORD,NORD
BALT.001,Vilnius,BALT,BALT
BALT.002,Kaunas,BALT,BALT
BALT.003,Klaipėda,BALT,BALT
BALT.004,Šiauliai,BALT,BALT
BALT.005,Panevėžys,BALT,BALT
BALT.006,Alytus,BALT,BALT
BALT.007,Marijampolė,BALT,BALT
BALT.008,Mazeikiai,BALT,BALT
BALT.009,Jonava,BALT,BALT
BALT.010,Utena,BALT,BALT
BALT.011,Kėdainiai,BALT,BALT
BALT.012,Telšiai,BALT,BALT
BALT.013,Tauragė,BALT,BALT
BALT.014,Ukmergė,BALT,BALT
BALT.015,Visaginas,BALT,BALT
BALT.016,Plungė,BALT,BALT
BALT.017,Kretinga,BALT,BALT
BALT.018,Palanga,BALT,BALT
BALT.019,Radviliškis,BALT,BALT
BALT.020,Šilutė,BALT,BALT
BALT.021,Riga,BALT,BALT
BALT.022,Daugavpils,BALT,BALT
BALT.023,Liepāja,BALT,BALT
BALT.024,Jelgava,BALT,BALT
BALT.025,Jūrmala,BALT,BALT
BALT.026,Ventspils,BALT,BALT
BALT.027,Rēzekne,BALT,BALT
BALT.028,Valmiera,BALT,BALT
BALT.029,Jēkabpils,BALT,BALT
BALT.030,Ogre,BALT,BALT
BALT.031,Tukums,BALT,BALT
BALT.032,Cēsis,BALT,BALT
BALT.033,Salaspils,BALT,BALT
BALT.034,Kuldīga,BALT,BALT
BALT.035,Olaine,BALT,BALT
BALT.036,Sigulda,BALT,BALT
BALT.037,Bauska,BALT,BALT
BALT.038,Dobele,BALT,BALT
BALT.039,Talsi,BALT,BALT
BALT.040,Ludza,BALT,BALT
BALT.041,Tallinn,BALT,BALT
BALT.042,Tartu,BALT,BALT
BALT.043,Narva,BALT,BALT
BALT.044,Pärnu,BALT,BALT
BALT.045,Kohtla-Järve,BALT,BALT
BALT.046,Viljandi,BALT,BALT
BALT.047,Rakvere,BALT,BALT
BALT.048,Maardu,BALT,BALT
BALT.049,Sillamäe,BALT,BALT
BALT.050,Kuressaare,BALT,BALT
BALT.051,Võru,BALT,BALT
BALT.052,Valga,BALT,BALT
BALT.053,Haapsalu,BALT,BALT
BALT.054,Jõhvi,BALT,BALT
BALT.055,Paide,BALT,BALT
BALT.056,Keila,BALT,BALT
BALT.057,Kiviõli,BALT,BALT
BALT.058,Tapa,BALT,BALT
BALT.059,Põlva,BALT,BALT
BALT.060,Jõgeva,BALT,BALT
BALT.061,Türi,BALT,BALT
BALT.062,Elva,BALT,BALT
BALT.063,Rapla,BALT,BALT
BALT.064,Saue,BALT,BALT
BALT.065,Põltsamaa,BALT,BALT
BALT.066,Paldiski,BALT,BALT
BALT.067,Sindi,BALT,BALT
BALT.068,Kärdla,BALT,BALT
BALT.069,Loksa,BALT,BALT
BALT.070,Tõrva,BALT,BALT
BALT.071,Karksi-Nuia,BALT,BALT
BALT.072,Antsla,BALT,BALT
BALT.073,Võhma,BALT,BALT
BALT.074,Mustvee,BALT,BALT
BALT.075,Lihula,BALT,BALT
BALT.076,Kallaste,BALT,BALT
BALT.077,Otepää,BALT,BALT
BALT.078,Kanepi,BALT,BALT
BALT.079,Kõrveküla,BALT,BALT
BALT.080,Käru,BALT,BALT
BALT.081,Põlva,BALT,BALT
BALT.082,Jõgeva,BALT,BALT
BALT.083,Türi,BALT,BALT
BALT.084,Elva,BALT,BALT
BALT.085,Rapla,BALT,BALT
BALT.086,Saue,BALT,BALT
BALT.087,Põltsamaa,BALT,BALT
BALT.088,Paldiski,BALT,BALT
BALT.089,Sindi,BALT,BALT
BALT.090,Kärdla,BALT,BALT
BALT.091,Loksa,BALT,BALT
BALT.092,Tõrva,BALT,BALT
BALT.093,Karksi-Nuia,BALT,BALT
BALT.094,Antsla,BALT,BALT
BALT.095,Võhma,BALT,BALT
BALT.096,Mustvee,BALT,BALT
BALT.097,Lihula,BALT,BALT
BALT.098,Kallaste,BALT,BALT
BALT.099,Otepää,BALT,BALT
BALT.100,Kanepi,BALT,BALT
BALK.001,Belgrade,BALK,BALK
BALK.002,Novi Sad,BALK,BALK
BALK.003,Niš,BALK,BALK
BALK.004,Kragujevac,BALK,BALK
BALK.005,Subotica,BALK,BALK
BALK.006,Zrenjanin,BALK,BALK
BALK.007,Pančevo,BALK,BALK
BALK.008,Čačak,BALK,BALK
BALK.009,Kraljevo,BALK,BALK
BALK.010,Novi Pazar,BALK,BALK
BALK.011,Kraljevo,BALK,BALK
BALK.012,Leskovac,BALK,BALK
BALK.013,Užice,BALK,BALK
BALK.014,Vranje,BALK,BALK
BALK.015,Valjevo,BALK,BALK
BALK.016,Kruševac,BALK,BALK
BALK.017,Vršac,BALK,BALK
BALK.018,Šabac,BALK,BALK
BALK.019,Sombor,BALK,BALK
BALK.020,Požarevac,BALK,BALK
BALK.021,Zagreb,BALK,BALK
BALK.022,Split,BALK,BALK
BALK.023,Rijeka,BALK,BALK
BALK.024,Osijek,BALK,BALK
BALK.025,Zadar,BALK,BALK
BALK.026,Slavonski Brod,BALK,BALK
BALK.027,Pula,BALK,BALK
BALK.028,Šibenik,BALK,BALK
BALK.029,Karlovac,BALK,BALK
BALK.030,Varaždin,BALK,BALK
BALK.031,Sisak,BALK,BALK
BALK.032,Velika Gorica,BALK,BALK
BALK.033,Dubrovnik,BALK,BALK
BALK.034,Vinkovci,BALK,BALK
BALK.035,Vukovar,BALK,BALK
BALK.036,Čakovec,BALK,BALK
BALK.037,Požega,BALK,BALK
BALK.038,Solin,BALK,BALK
BALK.039,Zaprešić,BALK,BALK
BALK.040,Petrinja,BALK,BALK
BALK.041,Sarajevo,BALK,BALK
BALK.042,Banja Luka,BALK,BALK
BALK.043,Tuzla,BALK,BALK
BALK.044,Zenica,BALK,BALK
BALK.045,Mostar,BALK,BALK
BALK.046,Prijedor,BALK,BALK
BALK.047,Doboj,BALK,BALK
BALK.048,Bijeljina,BALK,BALK
BALK.049,Brčko,BALK,BALK
BALK.050,Trebinje,BALK,BALK
BALK.051,Skopje,BALK,BALK
BALK.052,Bitola,BALK,BALK
BALK.053,Kumanovo,BALK,BALK
BALK.054,Prilep,BALK,BALK
BALK.055,Tetovo,BALK,BALK
BALK.056,Veles,BALK,BALK
BALK.057,Štip,BALK,BALK
BALK.058,Ohrid,BALK,BALK
BALK.059,Gostivar,BALK,BALK
BALK.060,Strumica,BALK,BALK
BALK.061,Kavadarci,BALK,BALK
BALK.062,Kočani,BALK,BALK
BALK.063,Kičevo,BALK,BALK
BALK.064,Struga,BALK,BALK
BALK.065,Radoviš,BALK,BALK
BALK.066,Gevgelija,BALK,BALK
BALK.067,Debar,BALK,BALK
BALK.068,Kriva Palanka,BALK,BALK
BALK.069,Sveti Nikole,BALK,BALK
BALK.070,Negotino,BALK,BALK
BALK.071,Delnice,BALK,BALK
BALK.072,Krško,BALK,BALK
BALK.073,Celje,BALK,BALK
BALK.074,Kranj,BALK,BALK
BALK.075,Velenje,BALK,BALK
BALK.076,Koper,BALK,BALK
BALK.077,Novo Mesto,BALK,BALK
BALK.078,Ptuj,BALK,BALK
BALK.079,Trbovlje,BALK,BALK
BALK.080,Kamnik,BALK,BALK
BALK.081,Jesenice,BALK,BALK
BALK.082,Nova Gorica,BALK,BALK
BALK.083,Škofja Loka,BALK,BALK
BALK.084,Murska Sobota,BALK,BALK
BALK.085,Ajdovščina,BALK,BALK
BALK.086,Bled,BALK,BALK
BALK.087,Postojna,BALK,BALK
BALK.088,Logatec,BALK,BALK
BALK.089,Slovenj Gradec,BALK,BALK
BALK.090,Kočevje,BALK,BALK
BALK.091,Bucharest,BALK,BALK
BALK.092,Cluj-Napoca,BALK,BALK
BALK.093,Timișoara,BALK,BALK
BALK.094,Iași,BALK,BALK
BALK.095,Constanța,BALK,BALK
BALK.096,Craiova,BALK,BALK
BALK.097,Galați,BALK,BALK
BALK.098,Brașov,BALK,BALK
BALK.099,Ploiești,BALK,BALK
BALK.100,Brăila,BALK,BALK
CEUR.001,Prague,CEUR,CEUR
CEUR.002,Brno,CEUR,CEUR
CEUR.003,Ostrava,CEUR,CEUR
CEUR.004,Plzeň,CEUR,CEUR
CEUR.005,Liberec,CEUR,CEUR
CEUR.006,Olomouc,CEUR,CEUR
CEUR.007,Ústí nad Labem,CEUR,CEUR
CEUR.008,České Budějovice,CEUR,CEUR
CEUR.009,Hradec Králové,CEUR,CEUR
CEUR.010,Pardubice,CEUR,CEUR
CEUR.011,Zlín,CEUR,CEUR
CEUR.012,Havířov,CEUR,CEUR
CEUR.013,Kladno,CEUR,CEUR
CEUR.014,Most,CEUR,CEUR
CEUR.015,Karviná,CEUR,CEUR
CEUR.016,Opava,CEUR,CEUR
CEUR.017,Frýdek-Místek,CEUR,CEUR
CEUR.018,Jihlava,CEUR,CEUR
CEUR.019,Teplice,CEUR,CEUR
CEUR.020,Děčín,CEUR,CEUR
CEUR.021,Budapest,CEUR,CEUR
CEUR.022,Debrecen,CEUR,CEUR
CEUR.023,Szeged,CEUR,CEUR
CEUR.024,Miskolc,CEUR,CEUR
CEUR.025,Pécs,CEUR,CEUR
CEUR.026,Győr,CEUR,CEUR
CEUR.027,Nyíregyháza,CEUR,CEUR
CEUR.028,Kecskemét,CEUR,CEUR
CEUR.029,Székesfehérvár,CEUR,CEUR
CEUR.030,Szombathely,CEUR,CEUR
CEUR.031,Szolnok,CEUR,CEUR
CEUR.032,Tatabánya,CEUR,CEUR
CEUR.033,Kaposvár,CEUR,CEUR
CEUR.034,Érd,CEUR,CEUR
CEUR.035,Veszprém,CEUR,CEUR
CEUR.036,Békéscsaba,CEUR,CEUR
CEUR.037,Zalaegerszeg,CEUR,CEUR
CEUR.038,Sopron,CEUR,CEUR
CEUR.039,Eger,CEUR,CEUR
CEUR.040,Nagykanizsa,CEUR,CEUR
CEUR.041,Warsaw,CEUR,CEUR
CEUR.042,Kraków,CEUR,CEUR
CEUR.043,Łódź,CEUR,CEUR
CEUR.044,Wrocław,CEUR,CEUR
CEUR.045,Poznań,CEUR,CEUR
CEUR.046,Gdańsk,CEUR,CEUR
CEUR.047,Szczecin,CEUR,CEUR
CEUR.048,Bydgoszcz,CEUR,CEUR
CEUR.049,Lublin,CEUR,CEUR
CEUR.050,Katowice,CEUR,CEUR
CEUR.051,Białystok,CEUR,CEUR
CEUR.052,Gdynia,CEUR,CEUR
CEUR.053,Częstochowa,CEUR,CEUR
CEUR.054,Radom,CEUR,CEUR
CEUR.055,Sosnowiec,CEUR,CEUR
CEUR.056,Toruń,CEUR,CEUR
CEUR.057,Kielce,CEUR,CEUR
CEUR.058,Gliwice,CEUR,CEUR
CEUR.059,Zabrze,CEUR,CEUR
CEUR.060,Bytom,CEUR,CEUR
CEUR.061,Bielsko-Biała,CEUR,CEUR
CEUR.062,Olsztyn,CEUR,CEUR
CEUR.063,Rzeszów,CEUR,CEUR
CEUR.064,Ruda Śląska,CEUR,CEUR
CEUR.065,Rybnik,CEUR,CEUR
CEUR.066,Tychy,CEUR,CEUR
CEUR.067,Dąbrowa Górnicza,CEUR,CEUR
CEUR.068,Opole,CEUR,CEUR
CEUR.069,Elbląg,CEUR,CEUR
CEUR.070,Płock,CEUR,CEUR
CEUR.071,Bratislava,CEUR,CEUR
CEUR.072,Košice,CEUR,CEUR
CEUR.073,Žilina,CEUR,CEUR
CEUR.074,Nitra,CEUR,CEUR
CEUR.075,Banská Bystrica,CEUR,CEUR
CEUR.076,Trnava,CEUR,CEUR
CEUR.077,Martin,CEUR,CEUR
CEUR.078,Trenčín,CEUR,CEUR
CEUR.079,Poprad,CEUR,CEUR
CEUR.080,Prievidza,CEUR,CEUR
CEUR.081,Zvolen,CEUR,CEUR
CEUR.082,Považská Bystrica,CEUR,CEUR
CEUR.083,Michalovce,CEUR,CEUR
CEUR.084,Spišská Nová Ves,CEUR,CEUR
CEUR.085,Levice,CEUR,CEUR
CEUR.086,Nové Zámky,CEUR,CEUR
CEUR.087,Humenné,CEUR,CEUR
CEUR.088,Bardejov,CEUR,CEUR
CEUR.089,Liptovský Mikuláš,CEUR,CEUR
CEUR.090,Ružomberok,CEUR,CEUR
CEUR.091,Ljubljana,CEUR,CEUR
CEUR.092,Maribor,CEUR,CEUR
CEUR.093,Celje,CEUR,CEUR
CEUR.094,Kranj,CEUR,CEUR
CEUR.095,Velenje,CEUR,CEUR
CEUR.096,Koper,CEUR,CEUR
CEUR.097,Novo Mesto,CEUR,CEUR
CEUR.098,Ptuj,CEUR,CEUR
CEUR.099,Trbovlje,CEUR,CEUR
CEUR.100,Kamnik,CEUR,CEUR
MED.001,Athens,MED,MED
MED.002,Thessaloniki,MED,MED
MED.003,Patras,MED,MED
MED.004,Piraeus,MED,MED
MED.005,Larissa,MED,MED
MED.006,Heraklion,MED,MED
MED.007,Peristeri,MED,MED
MED.008,Kallithea,MED,MED
MED.009,Acharnes,MED,MED
MED.010,Kalamaria,MED,MED
MED.011,Nikaia,MED,MED
MED.012,Glifada,MED,MED
MED.013,Volos,MED,MED
MED.014,Ioannina,MED,MED
MED.015,Chalcis,MED,MED
MED.016,Serres,MED,MED
MED.017,Alexandroupoli,MED,MED
MED.018,Xanthi,MED,MED
MED.019,Katerini,MED,MED
MED.020,Kalamata,MED,MED
MED.021,Rome,MED,MED
MED.022,Milan,MED,MED
MED.023,Naples,MED,MED
MED.024,Turin,MED,MED
MED.025,Palermo,MED,MED
MED.026,Genoa,MED,MED
MED.027,Bologna,MED,MED
MED.028,Florence,MED,MED
MED.029,Bari,MED,MED
MED.030,Catania,MED,MED
MED.031,Venice,MED,MED
MED.032,Verona,MED,MED
MED.033,Messina,MED,MED
MED.034,Padua,MED,MED
MED.035,Trieste,MED,MED
MED.036,Taranto,MED,MED
MED.037,Brescia,MED,MED
MED.038,Parma,MED,MED
MED.039,Modena,MED,MED
MED.040,Reggio Emilia,MED,MED
MED.041,Perugia,MED,MED
MED.042,Livorno,MED,MED
MED.043,Ravenna,MED,MED
MED.044,Cagliari,MED,MED
MED.045,Foggia,MED,MED
MED.046,Rimini,MED,MED
MED.047,Salerno,MED,MED
MED.048,Ferrara,MED,MED
MED.049,Sassari,MED,MED
MED.050,Lecce,MED,MED
MED.051,Madrid,MED,MED
MED.052,Barcelona,MED,MED
MED.053,Valencia,MED,MED
MED.054,Seville,MED,MED
MED.055,Zaragoza,MED,MED
MED.056,Málaga,MED,MED
MED.057,Murcia,MED,MED
MED.058,Palma,MED,MED
MED.059,Las Palmas,MED,MED
MED.060,Bilbao,MED,MED
MED.061,Alicante,MED,MED
MED.062,Córdoba,MED,MED
MED.063,Valladolid,MED,MED
MED.064,Vigo,MED,MED
MED.065,Gijón,MED,MED
MED.066,L'Hospitalet,MED,MED
MED.067,A Coruña,MED,MED
MED.068,Vitoria-Gasteiz,MED,MED
MED.069,Granada,MED,MED
MED.070,Elche,MED,MED
MED.071,Tarrasa,MED,MED
MED.072,Badalona,MED,MED
MED.073,Cartagena,MED,MED
MED.074,Jerez de la Frontera,MED,MED
MED.075,Sabadell,MED,MED
MED.076,Móstoles,MED,MED
MED.077,Alcalá de Henares,MED,MED
MED.078,Pamplona,MED,MED
MED.079,Fuenlabrada,MED,MED
MED.080,Almería,MED,MED
MED.081,Leganés,MED,MED
MED.082,San Sebastián,MED,MED
MED.083,Santander,MED,MED
MED.084,Castellón,MED,MED
MED.085,Burgos,MED,MED
MED.086,Albacete,MED,MED
MED.087,Alcorcón,MED,MED
MED.088,Getafe,MED,MED
MED.089,Salamanca,MED,MED
MED.090,Logroño,MED,MED
MED.091,Lisbon,MED,MED
MED.092,Porto,MED,MED
MED.093,Vila Nova de Gaia,MED,MED
MED.094,Amadora,MED,MED
MED.095,Braga,MED,MED
MED.096,Funchal,MED,MED
MED.097,Coimbra,MED,MED
MED.098,Setúbal,MED,MED
MED.099,Almada,MED,MED
MED.100,Agualva-Cacém,MED,MED
